rbd,prom_prioritario
3999,.76086956
9780,.76991153
3169,.64912283
253,.58974361
6496,1
11394,.76237625
9872,.51724136
10844,.73913044
10489,.46031746
291,.53097343
24233,.69999999
1855,.81818181
25089,.76288658
25367,.39655173
1467,.42857143
3743,.84375
5654,.52972972
19923,.92307693
12749,.75714284
11144,.66666669
2930,.5272727
20410,.71428573
10000,.66666669
5131,.84848487
1339,.81818181
224,.62352943
8927,.39285713
8718,.46153846
10607,.68354428
9088,.78666669
14720,.63636363
15745,.54237288
25615,.79245281
9884,.5945946
14608,.47945204
13565,.39285713
10103,.64583331
15787,.50877196
26524,.27272728
8444,.66101694
10264,.75757575
3355,.625
14523,.56097561
24207,.530303
25464,.49425286
8616,.61904764
2362,.63636363
14879,.6880734
7646,.48387095
2736,.66197181
25700,.34782609
5471,.95714283
2949,.46067417
10618,.34065935
9917,.52066118
13558,.72602737
1327,.76666665
24626,.30952382
5104,.4107143
8522,.76923078
3314,.86363637
13388,.31578946
24878,.59859157
40335,.5
6224,.77999997
1748,.56896549
4947,.66666669
25047,.45192307
6774,.69696969
9318,.65384614
10157,.61764705
20348,.59375
2570,.8888889
2234,.62121212
320,.43333334
5087,.88461536
16580,.81818181
4662,.30232558
31016,.61904764
1364,.7096774
25256,.4509804
297,.41463414
16469,.7647059
11711,.72368419
6930,.625
17813,.7352941
6072,.72881359
13104,.79411763
631,.80769229
40383,.56097561
313,.58653843
2986,.69999999
2521,.92307693
8589,.42696628
52,.69780219
5116,1
12244,.36090225
9071,.39506173
1368,.7096774
26271,.80000001
9789,.47058824
5668,.85714287
2078,.78571427
5074,.22222222
40399,.8125
9105,.71186441
25026,.6557377
13387,.55319148
3734,.54545456
6302,.61702126
11845,.52173913
9053,.5
401,.67164177
18237,.41025642
20258,.65591395
7637,.75
4595,.77272725
7341,.7631579
3434,.88235295
9158,.53846157
24623,.55921054
22516,.5714286
2397,.63636363
1425,.71428573
2553,.70930231
580,.33333334
10760,.68421054
10749,.80645162
15624,.51428574
4324,.81818181
1036,.45833334
12767,.69565219
5194,.78125
1550,.375
13202,.56521738
1367,.77419353
13360,.41666666
24995,.40000001
10671,.78571427
13,.7647059
10114,.81132078
433,.66129035
13361,.42592594
8627,.49152541
31054,.55555558
4183,.83999997
10186,.64285713
10699,.66279072
2488,.85714287
14820,.71428573
10750,.51111114
6423,.86666667
12943,.64880955
8485,.38491297
2951,.70588237
5508,.8888889
226,.6056338
5666,.43147209
1588,.5625
5709,.89473683
527,.6111111
24889,.64179105
3548,.86363637
11509,.62295079
7709,.54237288
8682,.44067797
9881,.69047618
6347,.9375
16716,.49438202
13535,.42424244
10320,.61538464
9909,.51685393
5667,.77464789
16600,.53333336
9484,.52380955
1858,.68354428
25198,.39024389
5990,.83333331
1333,.93333334
5583,.8214286
12720,.43478259
22519,.67816091
4531,.62962961
2744,.49462366
14629,.55882353
15676,.23999999
9073,.44736841
7348,.86486489
9,.55263156
20200,.88235295
26025,.5945946
1743,.61904764
14673,.33333334
14819,.40000001
9800,.52631581
20167,.51428574
239,.65517241
2355,.40384614
2942,.70149255
31299,.46153846
25855,.5109489
14487,.64705884
10282,.55000001
6084,.59090906
15755,.80645162
17793,.64285713
25666,0
25091,.25619835
8515,.52380955
4176,.51898736
9125,.58461541
8706,.60377359
25571,.43548387
3801,1
3714,.53225809
2042,.2
2981,.84210527
12711,1
20324,.69230771
3302,.57894737
26293,.6875
13504,.47499999
13417,.34615386
2495,.86666667
10329,.63414633
6066,.95652175
3247,.5869565
7976,.60000002
24443,.74647886
12027,.79487181
9605,.625
8002,.41666666
11950,.54098362
315,.54838711
10542,.66666669
4173,.66101694
10586,.65517241
9959,.44230768
2091,.57999998
3017,.779661
565,.57575756
1941,.57692307
8003,.66666669
24685,.43946189
31037,.66233766
9342,.55319148
9878,.55737704
7826,.40000001
22565,.58620691
13560,.77777779
12942,.779661
26466,.67123288
10726,.73015875
25542,.65882355
20376,.86486489
4669,.23255815
3330,.78571427
25250,.58064514
4956,.79487181
2580,.5131579
12312,.67741936
9797,.42424244
1516,.75
4713,.69230771
1233,.60869563
2207,.65333331
2120,.61764705
5166,.85000002
9642,.73170733
31327,.26153848
15683,.53333336
14538,.2972973
1568,.8214286
8046,.89473683
6118,.47368422
3117,.8125
310,.44999999
4754,.82828283
5106,.86885244
13344,.66666669
31295,.39506173
2946,.57692307
24423,.52830189
13313,.26785713
11265,.73267329
25439,.41975307
11843,.42105263
25349,.36842105
730,.92307693
25027,.39622641
25038,.7096774
3836,.83333331
12251,.93333334
4588,.60317463
25454,.46666667
22009,.7241379
5669,.41666666
4509,.84210527
3111,.74137932
3290,.51282054
2126,.78260869
8681,.49333334
5599,.83333331
31260,.7368421
26324,.54838711
1752,.52631581
4333,.64102566
25799,.63999999
17800,.3548387
31161,.59016395
5150,.54945058
11886,.6785714
13551,.68292683
12712,.80281693
2301,.80000001
9331,.61290324
22339,.57575756
9117,.54054052
10450,.64485979
567,.52439022
10497,.61956519
8604,.34782609
1437,.59016395
9418,.68421054
13305,.5
1488,.78125
10550,.78787881
11835,.65517241
6271,.85000002
22419,.82608694
16932,.60869563
8220,.83333331
6038,.91666669
16749,.45161289
3209,.94999999
11242,.31818181
3718,.18000001
16717,.65384614
9910,.39130434
22527,.64935064
392,.29032257
25368,.53043479
7129,.66153848
11718,.48571429
2490,.66666669
10233,.71428573
17605,.31818181
60,.56521738
1268,.67500001
10106,.61538464
579,.42222223
2132,.94999999
22221,1
15753,.80952382
10285,.5
14479,.81355929
3755,.61538464
3270,.81818181
1221,.61904764
6572,.94117647
1751,.62068963
2973,.37142858
40319,.52830189
6227,.80000001
1304,.9285714
12031,.6111111
10799,.62162161
22010,.63414633
3899,.8888889
9955,.66666669
7975,.74193549
24946,.64772725
15700,.40625
26001,.27586207
24410,.37037036
24750,.92592591
5896,.70833331
7699,.40298507
10436,.81818181
25960,.61728394
3268,.76666665
10086,.6875
40316,.60714287
8311,.81818181
14616,.66666669
25136,.72727275
2259,.55102038
4830,.65517241
7929,.89999998
2423,.84615386
10277,.70769233
9340,.39655173
10351,.48076922
25557,.44262296
10704,.72368419
3941,.72727275
40320,.31914893
11997,.7719298
6069,.5
12590,.56521738
4266,.45652175
19949,.9375
16468,.78750002
13450,.23076923
10738,.75999999
2143,.86206895
5264,.48514852
13384,.54166669
22480,.74025977
22634,.68421054
25157,.72000003
25434,.37037036
372,.81318682
26352,.56
2871,.71794873
4160,.78571427
13563,.86363637
10235,.51351351
13442,.45652175
14868,.64705884
3063,.80952382
12538,.85714287
14365,.75999999
25829,.45833334
1123,.80000001
4986,.93333334
2210,.72000003
4592,.78260869
17723,.75999999
12603,.70833331
7346,.75510204
7977,.75
9426,.66666669
3550,1
31506,.66666669
8438,.58823532
25988,.55660379
10147,.60606062
22354,1
430,.62121212
20489,1
5212,1
14324,1
22366,.79166669
1551,.92307693
10030,.41732284
1602,.5
5273,.90322578
16677,.75
1677,.48387095
2014,.9130435
14315,.47619048
3866,.5
4277,.63855422
10492,.47826087
9713,.66666669
10344,.609375
13154,.73015875
17652,.45945945
3890,.9285714
40305,.54285717
9369,.42253521
2262,.83018869
16757,.78947371
10405,.72580647
9011,.67567569
20274,.56756759
13446,.35849056
8499,.58585858
12694,.45833334
8367,.34545454
6305,.94736844
24622,.63999999
9012,.60784316
7044,.66000003
10108,.47619048
9685,.68181819
10758,.70454544
7332,.62962961
10842,.79365081
5606,.8214286
535,.55000001
10204,.63636363
4762,.47154471
3395,.89999998
22554,.60869563
11105,.55696201
25204,1
1735,.46391752
10651,.7352941
3005,.48888889
10197,.84615386
8942,.75308645
2347,1
2110,.4391892
22533,.80000001
1683,.75675678
18087,.74074072
9017,.5714286
10064,.60714287
13420,.65432101
25576,.57894737
10428,.82352942
534,.67741936
15812,.77333331
10470,.66666669
10408,.69696969
6762,.56923079
22,.75268817
1125,.92307693
4647,.875
24520,.64705884
10105,.82352942
8491,.45454547
10963,.51724136
25371,.50413221
12824,.33333334
25288,.57575756
8005,.66233766
8645,.41414142
2737,.91666669
9834,.76363635
10444,.82352942
7743,.38157895
40006,.37931034
2263,.80769229
8825,.33333334
14395,.60465115
9106,.6111111
12076,.63492066
10042,.40384614
5720,.81481481
8365,.46078432
4564,.4732143
3130,.80000001
4675,.65909094
8663,.5
2160,.78947371
11712,.68421054
16704,.62295079
970,.69999999
17732,.56
10359,.58620691
1213,.59493673
8665,.45833334
123,.84615386
8231,1
9996,.80000001
11942,.64150941
2129,.56140351
240,.6111111
4785,.4893617
10580,.5
22226,.64285713
4806,.66666669
1607,.54545456
1490,.73333335
1321,.64285713
4995,.85294116
24854,.51428574
9636,.66315788
14288,.40000001
6273,.8108108
429,.39726028
7701,.2820513
6164,.70454544
8671,.38461539
5698,.79310346
2360,.86666667
3389,.9130435
2386,.5
5854,.94117647
1369,.88
17824,.41666666
10579,.42857143
2903,1
10551,.79166669
373,.68421054
2050,.89999998
4845,.83333331
22621,.32142857
6500,.78260869
11342,.87804878
12020,.76056337
434,.6857143
15817,.40000001
14912,.41999999
25352,.44927537
22629,.56
26367,.36708862
798,.81967211
227,.69747901
25523,.69999999
10783,.72727275
26365,.44036698
10774,.86956519
2735,.64285713
24892,.7647059
26368,.37931034
9995,.66666669
31106,.76190478
6886,.93220341
5396,.78947371
574,.60451978
25071,.42857143
5627,.83333331
9859,.32352942
2983,.63636363
11430,.42372882
5048,.6557377
14642,.69999999
440,.80263156
5130,.80952382
1881,.68627453
24722,.51612902
6587,.82608694
5434,.37931034
26115,.26530612
7478,.69999999
4989,.70833331
10158,.61333334
22588,.7096774
24987,.55882353
3173,.7241379
4631,.65384614
10193,.64044946
2312,.77777779
6641,.90909094
13612,.71428573
10565,.72727275
25592,.80000001
319,.57317072
24203,.84482759
10574,.71428573
25481,.25
13163,.6825397
4307,.60416669
15767,.51612902
1459,.78947371
24999,.70731705
3462,.82222223
5570,.625
6650,.85714287
9926,.41935483
9308,.67441863
9334,.453125
5878,.94117647
14801,.77777779
10069,.43636364
3039,.75
9317,.375
25709,.34482759
11854,.42857143
4719,.81818181
6200,.93333334
31030,.57360405
5378,1
1275,.72000003
9208,.70454544
1395,.63013697
298,.52380955
4992,.84848487
15610,.57894737
1180,.60000002
9889,.6785714
22434,.44852942
12871,.63235295
16,.68181819
7777,.86666667
10220,.40677965
1603,.69696969
12570,.72611463
2288,.90909094
12023,.90476191
24822,.89999998
40027,.26666668
897,.88636363
2285,.84615386
18006,.828125
1377,.83333331
7707,.34375
3408,.71428573
2995,.44642857
17692,.61904764
10345,.47311828
12566,.78899086
10710,.37837839
15779,.91666669
1523,.82978725
31065,.375
3349,.88461536
10662,.47619048
3621,.6857143
15750,.60606062
10113,.69696969
18034,.39285713
25062,.75
10278,.77777779
18163,.33333334
1453,.82456142
11106,.42253521
15739,.64814812
8487,.46464646
26372,.75384617
10488,.56410259
22105,.82191783
704,.6388889
1234,.61538464
11199,.72727275
26083,.56756759
8563,.57692307
10491,.5
26532,.80000001
22380,.76119405
24206,.53448278
5440,.84615386
5270,.80645162
14,.95238096
1349,.44999999
10093,.85000002
9597,.86363637
6300,.62962961
8549,.78571427
18184,.75
1839,.33333334
5829,.51020408
6120,.48979592
12330,.625
3251,.68656719
13146,.625
14270,.60869563
1895,.72222221
10721,.71641791
1599,.85714287
7572,.62857145
2883,.85714287
19927,.85714287
3886,.92592591
16733,.68421054
24954,.53571427
9721,.73333335
13356,.44444445
5288,.91666669
1362,.65714288
31116,.65306121
9197,.61538464
1307,.72727275
1371,.7037037
9637,.57391304
9335,.4375
12945,.48275861
6270,.93333334
25365,.83333331
2992,.33898306
31080,.69090909
16570,.64814812
427,.5945946
22535,.66666669
1977,.41573033
1266,.84615386
10162,.61068702
10251,.66666669
9796,.82857144
2212,.52631581
6764,.55102038
406,.85964912
10794,.8214286
22019,.48648649
40289,.45977011
1403,.38095239
7303,.85714287
3033,.779661
2389,.8888889
9740,.75
8819,.23076923
10313,.66666669
7897,1
1620,.43333334
4258,.77777779
12002,.91428572
12726,.77419353
10638,.67669171
24489,.5714286
10015,.47457626
464,.92307693
531,.73076922
40351,.25925925
25865,.51282054
22224,.42857143
2118,.7719298
13590,.84615386
6829,.25
15646,.64705884
5220,.79310346
11261,.71052629
8841,.35714287
10595,.62857145
1449,.60377359
648,.39344263
25783,.91428572
1703,.52941179
187,.58620691
19,.85714287
31294,.45454547
525,.55000001
10005,.65789473
14348,.62666667
4835,.69047618
11217,.75
6830,.47826087
1675,.68965518
1601,.67567569
3976,.84375
4817,1
7384,1
2309,.60000002
7850,.77777779
6708,.84210527
616,.73770493
10548,.72000003
304,.27941176
12650,.62162161
10149,.72222221
305,.62921351
13518,.58064514
6267,1
15608,.74358976
2457,.640625
9828,.54054052
12151,.515625
3466,.71428573
10259,.5625
10646,.72000003
9811,.50340134
11677,.73404253
25926,.63
6502,.80000001
1350,.6557377
4711,.77777779
8442,.46969697
1534,.85714287
22418,.75
12314,.78787881
25034,.55555558
10262,.69999999
9668,.71875
20259,1
4140,.62559241
626,.6557377
3481,.86363637
10041,.65384614
18028,.53333336
11928,.44444445
2948,.66666669
10074,1
31064,.84210527
17635,.58333331
18012,.86000001
4269,.51724136
7639,.59322035
5085,.60000002
1519,1
3497,.58823532
22608,.76744187
1598,.7352941
26035,.52777779
25078,.79710144
6828,.5
10560,.66666669
26436,.32967034
5019,.74468082
10901,.52380955
6350,.95238096
13586,.64835167
10730,.7241379
8930,.48148149
18,.84090906
4382,.79545456
22325,1
20052,.75757575
25382,.54545456
2612,.66666669
1285,.45454547
14514,.48214287
10462,.68181819
9164,.60000002
24883,.87804878
2527,.81818181
2460,.9285714
50,.66666669
14856,.60784316
10641,.74626863
17897,.85714287
9194,.63157892
7659,.875
3361,.88235295
12077,.40350878
24856,.80851066
10833,.51785713
10685,.45588234
20478,.48412699
2412,.75471699
15662,.26086956
7744,.46296296
12001,.84126985
10805,.80000001
1132,.5714286
768,.63636363
3823,.83018869
15809,.52499998
3784,1
403,.79310346
8603,.47474748
9298,.68000001
583,.17647059
4507,.64285713
16410,.74647886
2469,.72727275
2990,.5
17719,.46666667
10578,.7368421
5714,.57894737
14201,.63461536
6399,.87096775
8449,.54545456
18049,.39583334
1051,.78947371
2217,.52631581
1721,.81818181
12962,.74193549
20519,.33333334
17900,.46153846
2021,.8888889
9778,.60683763
1570,.80000001
10400,.80000001
25781,.41772151
12008,.55882353
10151,.65217394
2999,.55263156
5395,.75438595
4790,.36764705
7773,.69999999
7238,.84615386
2007,.46666667
20048,.45161289
3359,.66666669
12022,.66666669
8415,.81481481
2845,.68965518
10247,.43333334
4485,1
26037,.67441863
24809,.48387095
827,.875
19954,.74074072
1511,.90909094
2247,.66071427
10600,.52173913
3619,.82499999
4447,.83333331
18126,.85185188
4391,.72727275
1225,.29411766
2159,.44444445
41109,.33333334
10270,.70588237
2909,.85000002
9803,.55555558
22403,.375
6564,1
13582,.5
2426,.86486489
3657,.89999998
548,.85714287
2122,.7241379
11343,.4074074
9431,.75757575
25215,.44897959
454,.83561641
17916,.7719298
3296,.60759491
7723,.64516127
7448,.66666669
3799,.9375
9072,.49056605
6501,.74576271
204,.84848487
4169,.43859649
3006,.49350649
10246,.42975205
9085,.65789473
12838,.2
9669,.58620691
946,.89473683
9673,.60606062
9654,.5
8611,.35135135
9720,.77922076
8926,.47872341
4104,.79545456
10155,.42105263
24403,.91428572
4958,.57446808
18124,.60606062
1621,.66666669
10756,.71428573
647,.72500002
3539,.640625
3311,.3888889
11608,.73626375
17915,.79220778
2839,.79069769
40310,.55813956
6920,.80000001
14901,.35294119
612,.71428573
7385,.86666667
4649,.5138889
12840,.72289157
25041,.68627453
12713,.69999999
2943,1
3432,.61290324
3541,.80434781
5010,.53448278
11133,.60000002
10401,.72549021
15593,.52173913
16652,.8125
1859,.33333334
8454,.44897959
40155,.60526317
12617,.6885246
13324,.32653061
6709,.73333335
10529,.54545456
14363,.41860464
22504,.75757575
8434,.66666669
3713,.375
10160,.5
9664,.42857143
14790,.54000002
10643,.67741936
3201,.64999998
6925,.85714287
2135,.75675678
24756,.36734694
7412,.84210527
1750,.375
22262,.70833331
13178,.44444445
10795,.65625
33,.72222221
4658,.58974361
10240,.59183675
20159,.55737704
9660,.55263156
13514,.53333336
1707,.69999999
11147,.86206895
10917,.61452514
14541,.53846157
3308,.27272728
7802,.57894737
2972,.77142859
14637,.65217394
20364,.40000001
8435,.83720928
9880,.68000001
4407,.7037037
8514,.29310346
9553,.47619048
2532,.73809522
15731,.86666667
10221,.63636363
11795,.6785714
8412,.58928573
1347,.76190478
4840,.81818181
19947,.64705884
20029,1
14359,.40000001
14818,.46153846
8680,.4375
2045,.36842105
7650,.69999999
24243,.5714286
1874,.5714286
25562,.64893615
10117,.72000003
9757,.37777779
7388,.52238804
11103,.71428573
40017,.73333335
6550,1
25247,.80769229
17850,.5234375
386,.75
8828,.48101267
2566,.78571427
40278,.14285715
10430,.60317463
9714,.82926828
4354,.94117647
22433,.66666669
9895,.375
6759,.74137932
5034,.85714287
12935,.36734694
17709,.84210527
7016,.73469388
2753,.71111113
22230,.78260869
4308,.625
10892,.57499999
22743,.72727275
25194,.83999997
25070,.23529412
22616,.73333335
9634,.73758864
26434,.67741936
16583,.75555557
10858,.71428573
1924,.69999999
5347,.76923078
17686,.25925925
2109,.50877196
18069,.36363637
13216,.81481481
9312,.40963855
10658,.48275861
31293,.40000001
1987,.8214286
2465,.68181819
1590,.45454547
26164,.65384614
25282,.34065935
25475,.63333333
6254,.58426964
3724,.3114754
1077,.75471699
1604,.64705884
3545,.86842108
9358,.80952382
1517,.76666665
7131,.87755102
15589,.66666669
2074,.8974359
25050,.65454543
7312,1
8914,1
5661,.60000002
10737,.80000001
479,.36000001
7135,.875
16608,.66666669
2123,.6857143
16729,.80000001
10228,.46938777
9947,.35185185
1863,.73846155
25132,.60526317
10334,.38709676
14416,.50684929
8835,.43859649
2037,.71428573
13608,.66666669
15811,.73333335
3728,.48888889
8822,.55319148
8661,.50561798
6056,.71428573
3037,.77499998
1393,.34146342
4772,.60000002
31340,.33333334
4843,.70588237
10792,.8035714
13570,1
10722,.5714286
6421,.89285713
664,.72857141
5670,.38095239
3549,.89999998
969,.73469388
7700,.44444445
5575,.66037738
26094,.61666667
4782,.53333336
9519,.33333334
5411,.8125
24625,.33333334
4059,.89999998
442,.7096774
16958,.48148149
5172,1
2579,.46391752
20173,.56862748
10332,.5777778
2795,.75806451
12736,.48148149
10279,.60000002
4259,.65909094
517,.55932206
4168,.82857144
12860,.52777779
2862,.44999999
8631,.81355929
24714,.85294116
5289,.61764705
16634,.68181819
25922,.29824561
4786,.51612902
1436,.38709676
6207,.69230771
10619,.68000001
40208,.82608694
5249,1
1215,.46296296
26411,.6388889
8475,.4642857
7128,.70175439
9939,.67777777
17728,.31818181
25084,.59090906
14381,.2857143
26260,.3859649
10273,.59375
16787,1
2968,.73333335
7338,.640625
17787,.74074072
7334,.71186441
2859,.83870965
24733,.69444442
18172,.49019608
5229,.64130437
5128,.779661
31253,.53846157
12891,.47499999
22532,.66666669
110,.5
2424,.94117647
17785,.62962961
25999,.23404256
11032,.78571427
8629,.484375
14822,.58974361
5678,.67741936
2531,.53846157
17908,.53086418
10229,.58823532
6569,.9285714
6585,.80000001
2183,.34782609
26460,.47826087
31288,.68181819
10632,.45454547
8791,.27272728
8632,.58762884
18017,.90476191
3802,.8108108
31071,.6509434
10673,.62162161
4280,.875
976,.33333334
40371,.64556962
7631,.62711865
22361,.60000002
3468,1
637,.55555558
9377,.625
9890,.72972971
24945,.54166669
16520,.72000003
5763,.89999998
14373,.57575756
10001,.77777779
225,.4954955
10119,.75
14413,.30303031
9808,.64999998
14671,.625
1256,.85000002
3393,1
2966,.8125
4656,.5
8614,.40677965
405,.875
6898,.73913044
10421,.8888889
9437,1
24730,.53658539
11809,.5714286
10271,.74074072
649,.43333334
2870,.74285716
7940,1
32,.83783782
6918,.82499999
4270,.79166669
7237,.74576271
11977,.53658539
2636,.88235295
7137,.81818181
6304,.68316829
4163,.58715594
2334,.79166669
26137,.23529412
9302,.68181819
13559,.77272725
22561,.69999999
13112,.32727271
5754,.875
25674,.56
7536,.48648649
24240,.46666667
12631,.48192772
13573,.37837839
400,.57446808
4482,.54022986
1433,.69999999
10429,.84848487
17828,.82692307
25954,.68000001
24843,.53846157
18220,.55263156
31262,.42500001
9729,.80000001
9285,.87096775
2420,.75
8162,.8611111
519,.79069769
10283,.7037037
10773,.50602412
3038,.8888889
2224,.61290324
750,1
10790,.84090906
12185,.72000003
22581,.80000001
7760,.74074072
26378,.2857143
12837,.55172414
3719,.74545455
10420,.69230771
11709,.73333335
17838,.84375
14605,.65517241
15792,.60000002
5897,.70149255
4873,.66666669
22602,.47826087
1301,.81481481
3255,.90909094
9767,.2
4164,.47368422
26084,.74285716
2165,.65432101
22552,.80000001
10727,.78431374
22702,.5970149
3885,.86486489
10748,.5714286
24893,.94117647
12630,.73469388
3531,.5
9905,.20689656
12977,.41463414
7085,.73333335
721,.78333336
2114,.70588237
12810,.47499999
3533,.56410259
3749,.83333331
658,.7647059
24230,.64999998
12115,.76666665
9604,.75
22749,.75
6754,.5625
25703,.42857143
133,.41666666
22483,.34693879
2964,.6857143
10327,.59375
5697,.76923078
25724,.21428572
2738,.66666669
4869,.63157892
2847,.78846157
5664,.62962961
4955,.86363637
9414,.7368421
15664,.54545456
17788,.41935483
2019,.8125
25739,.48979592
3249,.76785713
24424,.73333335
19906,.78378379
17751,.74603176
5012,.53658539
8105,.5
3435,.88372093
10476,.60526317
317,.60294116
17797,.68181819
31084,.63157892
9505,.47945204
6052,.73333335
26158,.57894737
10668,.79310346
25324,.73770493
5093,.60000002
9144,.68518519
562,.875
3460,.7647059
10763,.51428574
10487,.42364532
3538,.74358976
9078,.40384614
36,.9375
5879,.77611941
4973,.52173913
2326,.60606062
3796,.66250002
9558,.44680852
9536,.55555558
1712,.78260869
31074,.39784947
8536,.54285717
11209,.65853661
16627,.27027026
1384,.75
3114,.89999998
6086,.78787881
28,.78260869
1260,.66666669
10090,.74193549
1741,.52777779
9259,.14285715
3032,.63157892
8421,.50819671
4664,.41428572
9385,.48571429
296,.57692307
7325,.59633029
2286,.69135803
9659,.58823532
3910,.74489796
18094,.58064514
3431,.40983605
11705,.95652175
10836,.72727275
9656,.54310346
9994,.82352942
10665,.96666664
6934,.5925926
25676,.66197181
1587,.61290324
22759,.54545456
40251,.375
208,.61403507
17741,.8918919
4481,.8888889
20226,.76785713
31103,.44615385
3544,.91666669
9020,.43137255
26503,.46153846
22130,.89285713
4747,.63636363
1717,.71428573
2018,.68115944
25121,.52325583
22414,.73770493
3266,.83333331
9655,.51851851
15690,.42622951
9876,.51923078
4807,.70909089
5082,.54954952
10829,.80882353
5024,.67175573
7086,1
1520,.61971831
4352,.92682928
16448,.52564102
17883,.36666667
10816,.86666667
22467,.33333334
7004,.7368421
10458,.68354428
9098,.70212764
4767,.45833334
1257,.70175439
15579,.58620691
5957,.625
10407,.62
22505,.80000001
9937,.29166666
523,.82352942
24329,.44642857
25362,.85714287
10326,.5
1970,.65625
344,.2682927
2356,.32608697
6457,.76923078
25396,.53246754
1959,.58333331
16556,.78787881
5993,.71428573
4262,.56140351
16444,.70769233
7633,.66666669
2250,.3125
2525,.75
22192,.55555558
4982,.71428573
7003,.94444442
3723,.61728394
12623,.69696969
22560,.64615387
2083,.66666669
11145,.55000001
10786,.6857143
2489,.75
9799,.61818182
9600,.76923078
13138,.56521738
1216,.76190478
22065,.40579709
40230,.86206895
5110,.7647059
17690,.48717949
5470,.80952382
8697,.37837839
6766,.57608694
9443,.8888889
740,.90909094
2278,.49504951
5406,.875
10629,.63333333
13552,.58333331
7630,.66153848
9625,.67741936
10410,.82352942
7125,.78947371
31466,.66666669
2024,.93333334
5398,.80645162
17812,.21875
2284,.640625
4357,.80000001
18123,.47619048
6770,.47058824
9699,.74285716
6586,.96078432
2787,.26190478
25082,.69696969
5588,.8125
5847,.85714287
2407,.92307693
19952,.6769231
4593,.9375
1392,.4074074
8371,.75
10837,.77777779
16756,.42424244
22007,.66666669
24759,.59090906
12242,.67647058
9292,.52173913
25714,.4074074
13463,.82352942
7108,.85714287
198,.66666669
551,.85714287
17735,.69402987
2220,.81818181
2599,.82352942
22686,.86206895
4050,.66666669
17794,.38028169
5824,.60000002
6189,.75862068
712,.66666669
25717,.37209302
2329,.55223882
22509,.83999997
9865,.65625
3010,.64285713
9891,.26086956
4029,.8125
614,.85714287
16428,.78260869
9345,.60000002
17895,.58024693
31421,.32258064
9556,.54347825
20475,.5625
15728,.68181819
13489,.375
9911,.49253732
11339,.67213112
14670,.32142857
7464,1
417,.66666669
1482,.57377046
1536,.79545456
24224,.63076925
3138,.74074072
4578,.71698111
419,.87671232
15855,.53846157
13606,.61290324
8422,.53571427
2428,.73333335
9284,.47058824
31425,.64285713
7627,.59420288
25185,.46296296
10116,.82758623
12632,.91803277
6420,.875
31274,.5
1533,.75471699
25577,.5
478,.44827586
2267,.78947371
9146,.41176471
11591,.8888889
10674,.77777779
7476,.90909094
4865,.5
5218,.4074074
6835,.3898305
16508,.42424244
10527,.94594592
9702,.81818181
8174,.77999997
30005,.60377359
11739,1
14866,.2857143
4660,.70833331
4292,.65789473
25418,.6885246
10164,.67441863
10134,.6785714
8658,.40625
706,.66129035
26254,.58333331
5280,.74603176
10424,.53333336
4061,1
6826,.2857143
8552,.50617284
8458,.40677965
10640,.7631579
9433,.51612902
416,.61016947
10757,.56521738
16569,.95652175
2848,.70588237
25520,.45454547
12547,.70642203
12842,.7638889
15746,.60000002
12693,.65591395
13503,.40000001
9827,.41935483
12059,1
25711,.77999997
3482,.9375
1203,.85000002
9906,.41666666
3464,.82352942
5717,.68000001
16564,.75675678
31337,1
3653,.94444442
5225,.875
11792,.45238096
18014,.5625
25613,.56756759
10461,.63636363
11853,.875
3662,.77777779
12255,.36363637
31379,.42105263
25048,.2857143
20064,.8125
10588,.63636363
24427,.43137255
10706,.95238096
6181,.84210527
7970,.72972971
16713,.54545456
2041,.62790698
4898,.75714284
16895,.44444445
2991,.46296296
5613,.66666669
1619,.72549021
8309,.7368421
4742,.78125
9919,.27272728
11397,.60526317
25043,.85714287
8523,.52380955
19983,.69230771
270,.57692307
17874,.84444445
11177,.66233766
5940,.95161289
431,.5714286
10840,.63999999
2052,.68965518
25155,.55172414
10290,.9130435
9967,.11764706
13376,.60000002
14697,.57317072
6216,.84615386
4672,.56557375
714,.84375
15622,.67741936
2843,.83333331
7122,.83999997
3354,.85714287
22210,.27272728
9324,.71428573
9647,.57258064
2084,.69444442
10688,.64444447
16467,.55172414
2896,.74358976
18181,.44
2414,.75
25386,.47945204
8944,.54545456
3401,.9285714
31087,.30769232
8827,.22222222
5135,.75
15724,.79310346
29,.8214286
7740,.66666669
31153,.5714286
7651,.89285713
5,.54166669
2993,.78125
8108,.63235295
9294,.63157892
40295,.5
1887,.53703701
453,.6875
7593,.92307693
13428,.60714287
26250,.75999999
4548,.45454547
11789,.69999999
575,.69230771
10631,.7368421
7181,.55555558
25722,.5
13561,.66666669
4179,.56896549
10361,.56
16730,.6875
25901,.57575756
7202,.72500002
17918,.38297874
5442,.91176468
10540,.47058824
25593,.2631579
4926,.84375
20046,.57999998
3856,.92307693
4737,.66666669
7299,.68656719
1682,.82692307
12122,.56097561
3335,.72093022
1336,.75409836
4614,.6875
4455,.7037037
1889,.71428573
9328,.6785714
10156,.53571427
24426,.5714286
17860,.6875
4615,.86842108
11830,.53658539
1692,.84615386
9013,.5
4997,.77272725
4722,.55172414
12885,.2962963
25544,.87096775
2330,.67045456
13358,.83333331
5569,.70588237
5121,.84615386
3797,.64999998
16685,.7735849
1302,.84615386
725,.93333334
40064,.44999999
8854,.31578946
12741,.36363637
20041,.80000001
450,.73333335
9674,.71428573
2166,.30952382
9940,.36507937
1742,.66666669
8503,.51020408
7833,.8125
668,.64516127
25484,.55172414
1217,.44444445
4500,.62962961
25936,.53968257
9347,.55932206
25197,.46666667
2520,1
11155,.78125
2233,.69565219
2455,.40983605
144,.69696969
2401,.5625
1455,.61538464
8634,.40000001
418,.66666669
31445,.53846157
2826,.89999998
5645,.86486489
9738,.67647058
11277,.74509805
1582,.67346936
5226,.82926828
9209,.43589744
3059,.75609756
10432,.73170733
25389,.5
17693,.87234044
22495,.80952382
3795,.5714286
708,.69696969
1853,.95454544
1755,.56321841
10680,.61904764
4207,.66666669
4530,.58333331
15515,.6875
12037,.67391306
24212,.45454547
20215,.89999998
5208,.9285714
5374,.92500001
2099,.55172414
2823,.68965518
9341,.75
16751,.49152541
40422,.90566039
24978,.68493152
10475,.42857143
10873,.67500001
1174,.83333331
25390,.82352942
10350,.38095239
7872,.88
5774,.63999999
1472,.92000002
8818,.38095239
2266,.9130435
343,.42857143
12652,.64705884
2339,.80000001
161,.82608694
10713,.61016947
13542,.72727275
8490,.18181819
22355,.96296299
3264,.92307693
9283,.56097561
7643,.7027027
3128,.71428573
12775,.54545456
1255,.76666665
25039,.39622641
1448,.66666669
15632,.71428573
303,.78571427
5326,1
1474,.80000001
5372,.73913044
25882,.53968257
10561,.78571427
9182,.63999999
20008,.62857145
25655,.31914893
5680,.47058824
25061,.7027027
2387,.76666665
1059,.64285713
1708,.89285713
1966,.72727275
8457,.54385966
2524,.84615386
22351,.15000001
22546,.6875
3310,.625
9097,.2962963
10095,.7647059
8325,.78431374
7541,.81818181
9299,.5
22612,.86363637
9213,.82499999
3716,.86666667
11336,.65714288
10452,.60000002
1884,.70588237
11544,.875
10839,.77777779
8685,.69230771
20137,.40816328
8546,.60000002
5683,.83333331
4810,.64516127
1860,.76271188
10455,.64999998
25032,.75903612
3002,.54545456
26135,.52564102
10753,.60606062
8652,.36000001
3672,.95238096
7669,1
12747,.85526317
7133,.87878788
9972,.52499998
10771,.375
12761,.63333333
9147,.58139533
1394,.71428573
19950,.89473683
2279,.53846157
461,.92592591
25387,.47413793
17920,.6438356
24885,.67213112
566,.93103451
67,.32142857
11994,.61904764
7658,.85714287
11501,1
26110,.40625
10473,.73846155
7352,1
12604,.51111114
2379,.72972971
2121,.66315788
14659,.72727275
1521,.81481481
12243,.875
7205,1
8690,.627451
11472,.72222221
5656,.6111111
22542,.44827586
25448,.52054793
1247,.75
24713,.21428572
14788,.7096774
5832,1
10058,.22727273
10484,.50793654
613,.484375
12005,.74193549
7544,.83333331
12295,.33333334
2027,.77777779
16728,.33333334
4952,.71929824
4186,.63636363
25225,.70689654
7665,.85185188
38,.86956519
2079,.58333331
10336,.45901638
408,.65517241
9875,.55172414
2017,.85714287
2150,.13636364
10333,.54545456
13205,.375
25558,.125
9288,.80952382
25304,.53571427
10457,.72289157
9845,.52238804
40176,.69999999
13181,.78688526
6777,.64999998
31267,.46153846
14332,.25
1397,.64705884
8623,.5
26045,.5
3638,.60714287
5196,1
1541,.93333334
5353,.94444442
24935,.76595747
2055,.65789473
11716,.78571427
2796,.81818181
9870,.64285713
9416,.63157892
11348,.36363637
126,.67272729
2517,.5
9892,.38095239
17725,.61538464
254,.41176471
10563,.77777779
5604,.92307693
1697,.72727275
6935,.63636363
16477,.36842105
26117,.65625
1577,.76190478
4744,.46666667
2427,.86666667
14687,.57894737
25788,.5
5782,.48979592
25713,.42857143
1734,.35555556
9587,.64864862
3984,.90909094
10032,.5
3776,1
8479,.85714287
5315,.71641791
650,.51351351
16535,.54385966
6791,.875
25395,.60000002
5816,.25641027
2116,.59016395
12667,.25806451
11818,.85294116
6204,.72222221
40038,.80000001
6071,.63333333
10705,.64285713
463,.7647059
10076,.5625
40256,.59740257
1549,.63999999
11719,.82857144
14534,.5
6053,.75
9373,.41304347
20025,.36000001
5221,.80000001
5862,.84615386
7896,1
25059,.390625
5283,.84615386
13512,.66666669
7418,.8888889
421,.68493152
9612,.78787881
10791,.67272729
10594,.625
13462,.7241379
25153,.36956522
8756,.44230768
1087,.86956519
13513,.8611111
5180,.81818181
16748,.51785713
1405,.46511629
7714,.8888889
9110,.83333331
22186,.75
2714,.875
17814,.6875
25385,.39130434
8375,.81355929
2124,.78947371
10754,.80701756
17765,.39473686
6398,.7241379
6710,.93333334
2867,.72340423
16476,.54545456
2884,.77777779
4452,.46376812
3203,.41249999
8544,.5
3530,.69333333
10649,.69444442
3726,.80769229
10769,.48979592
6852,.90909094
256,.30232558
11949,.375
14314,.36842105
8530,.34615386
2454,.34328359
22309,.75999999
1183,.5625
18007,.2631579
1769,.39130434
3835,.89999998
2112,.55172414
4312,.91666669
10201,.73913044
7250,.89999998
31078,.34999999
14825,.75757575
410,.84126985
4175,.59574467
9616,.76363635
7774,.66666669
31266,.91666669
10364,.5
11936,.60000002
6452,.86956519
5284,.98148149
350,.42222223
4822,.48717949
206,.85714287
7496,.71428573
31302,.65384614
10300,.9285714
8455,.33333334
2179,.42424244
8488,.5625
26219,.69047618
9853,.90322578
630,.84848487
7419,.875
2825,.70588237
20153,.40000001
9551,.61904764
9366,.61403507
4201,.68965518
4331,.8214286
2057,.84615386
15643,.72727275
2656,.55882353
543,.69230771
13633,.38095239
24307,.23076923
5154,.75609756
25042,.37349397
2715,.92592591
25842,0
7050,.6875
4667,.58823532
8928,.40860215
452,.7241379
3292,.58823532
25790,.53571427
1194,.44444445
1423,.90909094
618,.68888891
2611,.85365856
14537,.68000001
3356,.71428573
16459,.84210527
5344,.74509805
6027,.82758623
5286,.77499998
536,.89999998
1019,.81818181
11405,.69999999
18112,.78048778
1684,.76363635
56,.28
13486,.59677422
7832,.82608694
12534,.72164947
7825,.71428573
40331,.84210527
4811,.78378379
7115,.88235295
10377,.66666669
9187,.46666667
25423,.75757575
24486,.27906978
22752,.9512195
7441,.85714287
9131,.45833334
3110,.77083331
1263,.65909094
1997,.55882353
10741,.64285713
24898,.46666667
326,.74074072
4724,.7096774
40194,.52941179
5716,.54166669
10546,.609375
25543,.83333331
9574,.63157892
4180,.67500001
25916,.5106383
3166,.78048778
9069,.78947371
13627,.54545456
3250,.83333331
26379,.375
2472,1
24305,.5
7632,.80000001
11906,.59375
12659,.7241379
10569,.89473683
17833,.30769232
25969,.3897059
9593,.83333331
2336,.93333334
355,0
2139,.85000002
22436,.70588237
1892,.89999998
5193,.83333331
10021,.66666669
767,.52777779
12970,.42307693
14716,.2631579
9510,.6875
7664,.78125
1191,.66666669
4181,.73333335
10250,.79069769
1280,1
766,.5496183
17657,.51999998
4408,.90625
7724,.64705884
7992,.5
14539,.84615386
1294,.51428574
852,.875
3980,.92307693
8925,.23076923
1868,.62962961
3329,.92592591
1909,.34
2660,.76923078
14506,.41176471
1891,.83999997
9684,.68181819
25899,.56410259
10472,.62857145
3674,.77777779
25189,.9285714
2047,.58333331
2043,.78378379
1757,.43333334
25766,.34615386
25814,.55000001
9950,.5
3552,.85714287
40101,.4054054
6112,.45783132
16807,.66666669
24231,.67567569
1264,.9375
24406,.31578946
13167,.84210527
4048,.69230771
16676,.86419755
25675,.36363637
2182,.73913044
24498,.6388889
1595,.45454547
3768,.86363637
10085,.63934427
4575,.6875
10224,.3968254
590,.25806451
2119,.88
1192,.82352942
19922,.85714287
10881,.625
12587,.33333334
24459,.85714287
10252,.72727275
25328,.1875
6896,.49275362
5127,.74137932
18066,.67741936
25779,.6630435
9663,.65625
4814,.80952382
25206,.55555558
489,.65517241
8849,.28
9337,.53846157
2565,.64285713
5634,.85714287
3465,.76923078
25525,.52631581
10187,.44444445
14678,1
40343,.5
7722,.83333331
10626,.66666669
1014,.78787881
2155,.69230771
4832,.84615386
25647,.69230771
24930,.61290324
9886,.86956519
5001,.6785714
8243,.80000001
2313,.85714287
2957,.73469388
13427,.5535714
2226,.83333331
31052,.31999999
4994,.80952382
24717,.49275362
10852,.66666669
11130,.32142857
15510,0
10036,.54285717
12241,.45454547
10621,.65217394
10226,.52542371
6137,.33333334
20042,.84615386
17750,.57961786
14507,.69230771
4200,.78260869
10447,.58974361
2461,.82352942
22707,1
10464,.71428573
15793,.51851851
7989,.33333334
9289,.67741936
10199,.5777778
4616,.86842108
10168,.55172414
1274,.42857143
9716,.71428573
6090,.78378379
13177,.90384614
8201,1
16644,.72972971
1311,.69230771
4561,.81818181
12237,.66666669
13149,.33333334
17902,.60000002
6188,.52083331
10014,.52941179
17737,.88235295
203,.779661
4000,.76086956
10520,.75294119
6351,.92307693
2020,.75999999
15726,.70769233
26272,.16666667
1363,.72727275
24327,.25714287
15650,.22222222
11462,.81818181
356,.33333334
4890,.61538464
799,.74000001
14764,.33333334
2800,.80000001
26053,.34693879
8581,.60000002
25895,.42307693
4375,1
16491,.60000002
20016,.71698111
8497,.85714287
8728,.64102566
14308,.79166669
2917,.78571427
9665,.66666669
3675,.7368421
1911,.64516127
10879,.86666667
7907,.66666669
5761,.8888889
14902,.46666667
2782,.38202247
2487,.78260869
10606,.53846157
9618,.64210528
5441,.9375
9206,.65934068
4818,.57894737
10478,.42222223
2947,.875
2390,.5714286
1699,.6785714
25929,.5479452
4406,.59722221
12719,.6857143
40184,.68965518
9786,.64102566
22146,.9130435
10692,.3611111
22688,.70769233
15585,.34615386
31190,.54545456
8666,.43333334
40114,.6081081
22029,.23076923
25101,.4025974
578,.86666667
4405,.71428573
9924,.23333333
31130,.54545456
3668,.80000001
3298,.44827586
10503,.21951219
12573,.34615386
3291,.89999998
2626,.68181819
2185,.5714286
22692,.5
11715,.75999999
1500,.86206895
8085,.83333331
10672,.72222221
9278,0
5339,1
5596,.55319148
4852,.89999998
22663,.33333334
4611,.78571427
14289,.6388889
10827,.69999999
1210,.81481481
16770,.48387095
9883,.62068963
3480,.84615386
499,.8125
24684,.55555558
24317,.083333336
3869,1
1795,.13043478
9852,.32894737
10365,.60869563
1128,.81481481
10253,.56818181
7339,.81818181
1596,.68115944
2115,.76666665
3782,1
13118,.8108108
737,.89999998
1318,.90909094
8256,.84375
8592,.35416666
10519,.72000003
14675,.53333336
4808,.72222221
6933,.75
4712,.70212764
26362,.59677422
14510,.52631581
9145,.33333334
977,.5
710,.71428573
10696,.57407409
6695,1
2868,.72222221
2866,.71428573
25462,.71666664
16441,.47368422
4626,.74666667
24657,.59375
2956,.56
9768,.39393941
10500,.6885246
9564,.30000001
40047,.78571427
2875,.89999998
7031,.8125
1424,.74074072
11323,.67123288
22327,.60655737
2805,.86666667
9733,.48275861
17912,.28947368
7337,.73809522
5112,.95454544
10338,.61538464
9759,.36000001
8158,.66666669
10205,.80645162
9162,.43137255
10567,.45833334
3313,.75
16715,.51923078
1678,.78260869
31343,.421875
14862,.7647059
5465,.59649122
12605,.53333336
7685,.81818181
2416,.70833331
15502,.67741936
13314,.46478873
1653,.34782609
12225,.46478873
10267,.80952382
26341,.76666665
5002,1
18042,.77142859
7023,.66666669
31219,.48648649
6644,.5
1792,.2857143
1316,.5714286
1168,.69999999
420,.7241379
581,.32258064
995,.75
22191,.5633803
10862,.80000001
14526,.63157892
2458,.64864862
1756,.6557377
22260,.63999999
25718,.33333334
1842,.43589744
25852,.33333334
12302,.85714287
10035,.56
5872,1
5387,.83333331
11962,.090909094
617,.71428573
1197,.52380955
22462,.83783782
9676,.61666667
22657,.71428573
25770,.33333334
15682,.21052632
17607,.33333334
3815,.875
3436,.76923078
9816,.42424244
7343,.56410259
25218,.42592594
4983,.84615386
19953,1
24689,.55555558
4839,.91666669
14649,.625
9411,.83333331
12,.80769229
1390,.85714287
24812,.53225809
4177,.78947371
1581,.36842105
982,.72727275
12872,.53846157
24213,.70588237
444,.82352942
769,.26984128
17600,.27083334
11107,.38461539
2559,.6785714
10818,.81818181
116,.70588237
8408,.68292683
3758,1
9201,.5
8339,.91666669
14641,.55555558
5646,.92307693
11743,.89473683
25580,.35416666
26028,.38461539
10159,.66666669
5706,.84375
11837,.66666669
10411,.66666669
4043,.90909094
12591,.52747256
2764,.66666669
6497,.9375
40352,.66666669
14452,.45454547
4679,.2
301,.5714286
17746,.66666669
7063,.80952382
5015,.63999999
4446,.72131145
9490,.41176471
10200,.59574467
8703,.55555558
8366,.80000001
113,.71014494
25839,.55555558
40291,.41176471
14299,.61538464
45,.55813956
7147,1
10645,.625
10143,.77777779
15621,.38709676
1288,.30769232
990,.84210527
3745,.80392158
17875,.70833331
692,.81481481
7404,.9285714
3670,.68518519
24876,.77777779
22499,.57534248
9415,.71428573
3667,.60000002
12309,.40625
11914,.61904764
14770,.58730161
4633,.33333334
4641,.57999998
3352,.94444442
2218,.50980395
5611,.58974361
22014,.54838711
6725,1
232,.71153843
10305,.73333335
6393,1
1851,.67741936
11471,1
6726,.91666669
13135,.58823532
1149,.5714286
9701,.79166669
17679,.78947371
7508,.83333331
15596,.61904764
411,.74000001
10425,.81034482
10740,.55000001
17703,.296875
12672,.28947368
3671,.71428573
9861,.62962961
1248,.76923078
2920,.86956519
2319,.79166669
6253,.7647059
4866,.30769232
5730,.93333334
25540,.61643833
11793,.69230771
5767,.9285714
987,.50769234
14565,.70833331
1696,.53846157
2151,.37037036
4779,.46511629
5814,.3888889
848,.65517241
10768,.42307693
20091,.66666669
40298,.45652175
16424,.62068963
11224,.44827586
5538,.88636363
7704,.64864862
24675,.34482759
753,.46153846
26269,.57746476
481,.75862068
5373,1
4617,.56666666
10493,.42857143
4560,.93333334
4725,.68421054
24438,.31999999
1934,.39583334
10747,.66666669
11707,.5945946
2927,.77419353
25114,.57534248
9887,.53125
1542,.90625
1635,.29411766
3107,1
2333,1
9375,.72972971
3717,.578125
9841,.734375
10742,.625
24431,.40000001
4454,.60000002
3022,.60000002
3783,1
729,.89999998
25442,.20833333
14707,.23076923
1515,.77999997
11867,.61538464
3610,.78947371
17903,.58620691
16997,.4375
953,1
7583,1
757,.75
2803,.68421054
2935,.70731705
1609,.60000002
10764,.89655173
10182,.55172414
2965,.69999999
10915,.60000002
5140,.8888889
25927,.16666667
10515,.6388889
20096,.55172414
14865,.85714287
5919,.61538464
10865,1
3325,.60000002
5133,1
4750,.65217394
7543,.75
5582,.76190478
12113,.92105263
9111,.8125
11157,.3888889
3654,.65714288
14674,.42553192
8969,0
12944,.73972601
14881,.67441863
11248,.75
2562,.84615386
2756,.7647059
4666,.33333334
22641,.42424244
10422,.55172414
312,.40625
7874,.83333331
1292,.52631581
25465,.58620691
4589,.66666669
666,.71428573
9882,.47499999
10260,.64285713
15768,.92000002
9533,.84615386
3588,1
18223,.76190478
16502,.60714287
22255,.78947371
31090,.64285713
2174,.5471698
7679,.59090906
10736,.76923078
2958,.7735849
17698,.85294116
5624,.82608694
8562,.66666669
2223,.74576271
1969,.64705884
15757,.72222221
1145,1
24972,.5945946
8625,.60000002
12823,.53333336
2096,.64705884
9504,.53398061
25941,.60000002
10676,.53846157
9930,.4848485
8176,1
24769,.41176471
12183,.33333334
12058,.71929824
14643,.3888889
17687,.20930232
3855,.8888889
7231,.58823532
17779,.51724136
5049,.96428573
12192,.83999997
7958,.67346936
2206,.74285716
7641,.69999999
7170,1
25961,.125
12602,.75757575
24751,.5
15614,.72000003
6589,.90909094
2817,.625
25733,.34328359
13475,.76363635
4443,.94999999
4731,.78571427
12118,.75
2453,.64444447
8535,.46666667
25238,.54166669
25359,.5
15501,.75862068
4199,.76923078
2075,.70731705
9008,.62068963
13143,.87878788
4311,1
20154,.73333335
10123,.72972971
5580,.64444447
3368,.89999998
8437,.63636363
24790,.68421054
17876,.49019608
10686,.69387758
5021,.85714287
20227,.75
9406,.36363637
8264,.81481481
22493,.91176468
1514,.69999999
3735,.45161289
14639,.83333331
4453,.68181819
8424,.60000002
3381,.9375
7818,.80952382
9544,.47826087
22343,.6875
7959,.69565219
7510,.69230771
25269,.15384616
3664,.94117647
14923,.46875
8100,.90909094
14823,.55555558
1204,.61538464
24894,.625
3303,.5
10125,.80000001
7059,.76190478
3683,.83333331
16945,.63999999
13134,.81395346
1445,.75
9102,.44736841
4456,1
9741,.76923078
4410,.88235295
20074,.5945946
10516,.75609756
18216,.7037037
10245,.36538461
4831,.66666669
9788,.46153846
8684,.60000002
255,.55319148
18097,.35714287
2664,.84615386
10107,.71428573
2321,.9375
8417,.86363637
14376,.72222221
9127,.67924529
3019,.80000001
12716,.75
24864,.39215687
24879,.85185188
16460,.59322035
3134,.89999998
6460,.73076922
3663,.65714288
7349,.63636363
1691,1
9185,.30645162
3202,.38028169
357,.22222222
26075,.76190478
5084,.6875
10880,.5
10610,.36065573
11931,.47058824
3238,.77777779
22175,.89285713
11926,.73913044
11909,.75757575
40299,.40000001
7785,.80000001
2456,.82222223
14375,.55882353
2008,.77777779
8345,.7647059
4659,.37254903
24881,.43478259
3056,.71212119
25002,.77611941
5625,.9375
4139,.76923078
1965,.83999997
9430,.56
8762,.5
1329,.66666669
127,.33333334
2584,.76666665
230,.6226415
22337,.89999998
4586,.79310346
7628,.67647058
14706,.86666667
5597,.5869565
10426,.76190478
7403,.56716418
9572,.625
11240,.40476191
2694,.76923078
10183,.70588237
24758,.52631581
18114,.5
1724,.74074072
12709,.42857143
5192,1
26033,.36231884
10152,.5
25265,.25
629,.84482759
657,.83333331
16513,.63636363
3143,.78571427
4988,.72727275
10506,.60000002
2734,.75510204
20108,.78260869
1066,.66666669
10479,.5471698
25,.85365856
1465,.72727275
4868,.36666667
16415,.40860215
4644,.45054945
5690,.87878788
6983,.81818181
24716,.79166669
3252,.78787881
25369,.27380952
7710,.58823532
78,.8888889
10097,.8125
14614,.4848485
6773,.89285713
40424,.5
14779,.14285715
8211,.9375
5466,1
6895,.67741936
25914,.85714287
25316,.625
10556,.89655173
4922,.65517241
10239,.61428571
10502,.53191489
3730,.59523809
5622,1
25450,.38461539
12032,.47999999
8133,1
10088,.77419353
22758,.84848487
25727,.26415095
7401,.28070176
4813,.9285714
24960,.55263156
15601,.40625
3872,.86363637
6984,.52631581
10766,.75
2518,.76923078
25526,.53333336
9680,.84210527
3256,.58536583
25976,.64516127
6237,.80000001
17858,.42222223
6593,1
1265,.94444442
16798,.5
12963,.34210527
2863,.43181819
5119,.875
6088,.75
15770,.80000001
4836,.60000002
1543,.88235295
31005,.89999998
14773,.5714286
12079,.76086956
10715,.40983605
4393,1
9960,.21052632
9620,.87179488
9801,.47368422
201,.75609756
10864,1
12762,.54545456
9727,.69230771
15627,.65384614
1528,.73333335
25851,.36842105
9527,.42857143
14699,.31578946
971,.5
22041,.57894737
4960,.73333335
5020,.61363637
10970,.52380955
25485,.77142859
4720,.80000001
10083,.61818182
8348,.79411763
2745,.80000001
16488,.59375
2742,.76595747
9091,.5
16549,.42857143
16589,.78125
2308,.35555556
9150,.72131145
9717,.90476191
1971,.7352941
4736,.48275861
25639,.62857145
11797,.60000002
4506,.81818181
1466,.7096774
10831,.51162791
5725,.54285717
1749,.56666666
10604,.45454547
4760,.52173913
9873,.48148149
1807,.77777779
1484,.30769232
20121,.7037037
7834,.80769229
22283,.65217394
8815,.44827586
12050,.875
9421,.70833331
3960,.48571429
16446,.62666667
15526,.64705884
111,.66666669
2131,.6875
25556,.59322035
9700,.83333331
24989,.66666669
2701,.91666669
9847,.67500001
8520,.57575756
959,.69565219
12505,.63157892
6089,.64285713
24338,.2
1738,.36666667
14606,.62962961
14622,.55555558
1361,.75757575
25028,.69354838
1963,.62962961
8761,0
4834,.81632656
6465,1
1338,.75
14676,.80000001
6459,.80000001
8636,.34375
9502,.64864862
10669,.71794873
620,.7037037
4141,.75
9457,.78260869
10474,.52702701
4630,.49122807
3849,.73333335
10893,.77777779
1689,.77777779
13170,.67567569
9074,.39024389
3382,.81818181
12853,.17647059
8521,.627451
6337,.5714286
17742,1
7020,.83333331
2022,.80952382
2258,.85714287
10019,.47058824
1890,.80000001
9948,.41666666
24448,.36363637
14379,0
1885,.72727275
691,.80952382
20133,.4642857
2049,.37931034
1975,.5625
9993,.76595747
2090,.48717949
10210,.8888889
2563,1
12980,.36000001
1998,.7027027
103,.50877196
5070,.875
847,.71951222
22200,.64516127
24721,.3888889
1161,.63157892
24400,.55000001
14265,.17647059
329,.34782609
31,.94871795
1279,.85714287
2365,.60000002
14211,.5
1450,.54237288
8436,.68292683
26111,.51612902
40329,.80952382
11465,.90909094
25921,.56756759
4627,.36538461
6917,.64516127
25012,.49295774
9200,.72222221
6210,.91666669
2830,.66666669
18065,.81481481
5902,.79411763
9987,.71428573
10301,.64102566
25589,.65517241
3656,.76923078
19921,.5
3551,.77272725
16518,.64705884
3058,.69999999
6349,.80434781
3887,.79591835
24913,.69565219
4585,.72222221
6285,.875
4190,.66666669
2310,.79411763
7648,.8125
8919,0
9588,.94444442
763,.65753424
8676,.52173913
12095,.47826087
336,.5
11706,.85365856
31010,.42857143
1864,.68292683
4087,1
7788,.875
6588,.71428573
4185,.79166669
459,.779661
3609,.86153847
10734,.5535714
11993,.28260869
1579,.68000001
4746,.6875
17859,.34782609
967,.69696969
3977,.89090908
5959,.6111111
5825,.95238096
25508,.27272728
2945,.88235295
9591,.88235295
6135,.8214286
1573,.66666669
25509,.13636364
3731,.72000003
9356,.41791046
10554,.79310346
5539,.69999999
7459,.84210527
25171,.42857143
3387,.83333331
10207,.63636363
22444,1
22313,.84210527
8051,.71428573
8439,.51020408
14420,.5625
231,.47368422
20,.80000001
20129,.56521738
2162,.45833334
6036,1
1569,.6111111
13626,.42857143
14599,.3888889
5088,.68115944
9913,.36000001
4798,0
5861,.56666666
14804,.85000002
31394,.33333334
11548,1
16512,.45161289
1251,.90909094
9598,.77419353
20181,.18181819
24420,.70833331
13610,.6875
20194,.625
9766,.52173913
25808,.33333334
2978,.89655173
10028,.64285713
1989,0
26092,.29411766
10010,.85000002
4714,.65957445
9877,.7647059
14504,.58333331
22558,.8108108
2977,.6875
40025,.80000001
4838,.55555558
25573,.86206895
13474,.84615386
26381,.21052632
10615,.2
7130,.90322578
9077,.76190478
7782,.5
40370,.47058824
1119,.70212764
6504,1
10611,.090909094
8236,.84375
5113,.94117647
24997,.9375
12779,.60000002
5051,.627451
5205,1
22253,.85714287
5425,1
1468,.75
25712,.42857143
582,.31818181
12171,.66666669
1122,.72222221
25356,.5
18218,.97222221
18251,.38461539
367,.81818181
711,.6857143
1438,.94736844
4171,.66666669
10501,.5
14212,.61290324
2761,.82608694
4189,.83333331
6092,.88235295
13103,.75
12868,.38095239
30002,.70833331
8019,.77777779
130,.4375
8547,.64705884
7377,.9375
11812,.48076922
462,.875
5493,1
2065,.89534885
15781,.82352942
2776,.85714287
12649,.72972971
13383,.72727275
19910,1
7647,.70833331
12836,.71621621
10263,.55555558
14210,.50649351
5578,.54216868
8657,.83870965
9531,.54545456
10524,.64285713
125,.52777779
2876,.69999999
24648,.125
5155,.80952382
228,.65957445
646,.69047618
5016,.6708861
9304,.73076922
2409,.73076922
1178,.68181819
8740,.2857143
9609,.75675678
8376,.86956519
1385,.68421054
2459,.83333331
1898,.64999998
2576,.66666669
25642,.88235295
24313,.42857143
8678,.55555558
3483,.74576271
4723,.61194032
18050,.36363637
5054,.41935483
3297,.45454547
11851,.55000001
10465,.65671641
13491,.61194032
2538,1
10404,.75
20248,.84210527
11429,.93333334
3491,.77777779
6336,.71641791
3113,1
3400,.91666669
8114,.82352942
193,.7647059
18249,.42857143
12504,.58064514
3139,.85714287
112,.63829786
589,.375
9595,.78125
10568,.88461536
2910,.89473683
17736,.5714286
9290,.77777779
10743,.7037037
11241,.5
9332,.71794873
14364,.8888889
25303,.83999997
22672,.51612902
5828,.89583331
8714,.71052629
5652,.5
10281,.75862068
3843,.77777779
10835,.65384614
22372,.47368422
14232,.56666666
9100,.33333334
10832,.52857143
284,.5714286
1923,.46666667
25692,.5625
4032,.85000002
10782,.63999999
4953,.71794873
25342,.35714287
5122,.83783782
5608,.90909094
24903,.44444445
2023,1
18170,.7368421
10269,.53846157
8161,.76190478
6686,1
22476,.89473683
17660,.33333334
2249,.68888891
16843,.83999997
9771,.625
16942,.8888889
14760,.68181819
5768,1
25501,.23999999
2542,.86666667
1553,.83720928
40042,.40816328
4172,.71929824
6005,1
10785,.58620691
17778,.63333333
17877,.35294119
12688,.6875
9333,.68000001
13576,.75
288,.44186047
3740,.95454544
22420,.90909094
9428,.75757575
9293,.73076922
9903,.37288135
4732,.6511628
6604,.7368421
8370,1
8845,.60000002
25188,.67647058
1471,.90909094
493,.91666669
16497,.33333334
2944,.59649122
2940,.76923078
713,.81481481
7783,.83333331
8518,.79166669
107,.5625
16427,.28
10495,.70175439
5439,.96153843
12083,.5
5509,.67500001
4572,.63636363
9429,.68965518
1967,.5970149
10091,.66666669
17689,.41379312
6836,.18181819
14234,.83333331
8519,.6785714
40095,1
18111,.7096774
3207,.7719298
16509,.5714286
4582,.89999998
10656,.84615386
9606,.95454544
25094,.45833334
2918,.77777779
8821,.34375
13593,.69696969
20019,.66666669
1610,.74000001
5375,.78947371
6223,.46666667
20175,.94117647
10124,.72972971
3013,.51851851
10140,.56
8533,.54545456
9237,0
14387,.7037037
12509,.2682927
2311,.89655173
7866,.91666669
25331,.80769229
8846,.36363637
366,.40000001
10905,.6875
6397,.89473683
12594,.51428574
2827,.92307693
17924,.51851851
2324,.77777779
14672,.60000002
5726,.69696969
10433,.62857145
8388,.6964286
25832,.55555558
26538,.2888889
17782,.77777779
7749,1
2240,.5
800,.84615386
3677,.78260869
10122,.80000001
40285,.54545456
10376,.55555558
10530,.77777779
6205,.81818181
7333,.72222221
15820,.60000002
15605,.30000001
9810,.53571427
804,.76923078
25017,.57894737
6899,.95833331
10962,.27586207
14511,.73076922
25009,.76744187
4275,.71052629
2506,.5
5181,.91666669
205,.87755102
7140,.85714287
5510,.93333334
40023,.30769232
2164,.58064514
1156,.85714287
25482,.4375
9306,.84615386
3260,.94444442
17848,.72972971
20082,.6875
2786,.30000001
5952,.80000001
10573,.78947371
3304,.63414633
6029,1
20212,.53333336
2282,.58333331
26134,0
10828,.375
15744,.62068963
2471,.64285713
1709,.8125
14896,.31818181
5090,.75
5290,.83333331
413,.77272725
2519,.8125
2081,.68965518
6381,1
4663,.44036698
5435,.54166669
25640,0
12111,.53571427
2894,.73913044
17907,.44444445
10512,.33333334
31203,.5945946
3316,.5
10576,.81818181
7234,1
4646,.33333334
15657,.38297874
22234,.58620691
12121,.5
2997,.61538464
7610,.85714287
3666,1
10851,.51999998
9467,1
522,.70833331
4204,.80000001
6230,1
1718,.91666669
14703,.33333334
9539,.58333331
1585,.6226415
8448,.7647059
10716,.41176471
10337,.53658539
4174,.5777778
293,.60215056
1886,.67741936
4334,.70588237
6765,.85714287
14782,.40909091
9486,.63265306
25804,.42500001
12518,.53225809
8394,.61538464
31042,0
2184,.60000002
9116,.80000001
17733,.85714287
1218,.42424244
6151,1
9599,.8611111
22544,.9285714
6082,1
8047,.62162161
22306,.63157892
26157,.8918919
2577,.875
7638,.62
9639,.90909094
20090,.42105263
530,.62068963
22658,.74074072
602,1
3907,.81818181
24302,.5
3112,.8888889
10729,.76363635
40231,.40000001
4195,.7368421
3069,.9285714
15570,.73170733
24906,1
521,.64999998
10772,.39583334
1765,.76923078
2364,.85714287
26501,.69230771
11687,.86956519
1164,.76923078
10268,.67567569
3402,.78571427
18075,.78947371
368,.5
13188,.44827586
10291,.72727275
7355,.58333331
7654,.70588237
4188,.89999998
5585,.75
5746,.81481481
6268,1
25539,.84210527
5224,.90625
31432,.71875
1593,.70588237
7244,.86666667
2615,.55000001
4497,.61538464
10385,.66666669
9547,.73333335
9168,.60784316
1269,.61904764
1352,.77142859
16494,.5
6456,1
1291,.29166666
17854,.53571427
3317,.69230771
10167,.5714286
14860,.5
2415,.79411763
10099,.80000001
11223,.69565219
9586,.7368421
14490,.625
25749,.31578946
3185,.94117647
16507,.56666666
14482,.66666669
1772,.65384614
109,.68965518
9610,.69444442
7507,.68000001
2026,.78378379
22623,.73333335
13370,.1
10712,.6111111
7240,.80000001
2537,1
24412,.71428573
26249,.71428573
2657,.95652175
6389,1
131,.55555558
20145,1
26403,.45454547
5188,1
20180,.61290324
9036,.5
14762,.625
12772,.5
2842,1
24209,.68000001
7942,.69230771
122,.77777779
9142,.4375
20219,.84615386
9503,.73076922
25393,.29411766
22352,.51851851
25314,.56097561
2763,.71428573
1695,.55000001
20122,.80000001
1801,.27272728
4591,.81132078
31342,.5625
4796,.30434781
7644,.8214286
10307,.52777779
10848,.75
1522,.72727275
655,.47999999
3913,.875
26274,.79411763
9070,.62857145
11704,.85454547
5026,.67741936
1442,.65217394
10459,.45945945
16744,.5
1791,0
8169,.71428573
8006,.68000001
3703,.85714287
1529,.75
10172,.7241379
10403,.78846157
10302,.88235295
25220,.64999998
13557,.80000001
9830,.5625
25186,.6557377
2873,.60000002
8564,.44
7614,1
8532,.48148149
22334,.58333331
25166,.64285713
4076,1
15633,.5
7753,.81818181
7340,.76190478
3172,.77419353
24966,.5714286
25681,.38461539
2514,.71428573
7706,.46153846
26006,.60000002
8389,1
31495,.38235295
13637,.64285713
20142,1
4954,.68000001
9270,0
9698,.71875
10648,.84615386
10441,.33333334
10797,.63636363
18015,.64999998
1033,.8888889
2275,.66666669
8675,.43243244
5346,.85714287
18127,.76923078
14552,.55000001
22358,.7027027
10564,.60869563
7049,.90909094
9809,.55555558
2244,.75
13330,.64705884
25550,.36842105
11467,.6875
15588,.42857143
26476,.2857143
20282,.73333335
1759,.63636363
9719,.80000001
14202,.83999997
26044,.58823532
1537,.82758623
10675,.86956519
22323,1
6030,.5714286
3300,.27027026
4820,.41666666
11806,1
5703,.79487181
9869,.89473683
16879,.36363637
407,.87179488
294,.50666666
5695,.66666669
17708,.27272728
4205,.78787881
13394,.54545456
20120,.77777779
5751,.80000001
2264,.60000002
24766,.54166669
40054,.9285714
4125,1
6087,.85714287
20033,.875
11678,.2
10241,.65625
31066,.77419353
25602,.27272728
3081,.82352942
13439,.26923078
6932,.80645162
6785,.69565219
573,.2857143
3025,.8125
6219,.80000001
27,.86206895
3495,.8125
9307,.625
6832,.46666667
3258,.76923078
1540,.81818181
9103,.40909091
10689,.65384614
7672,1
8384,.80000001
10102,.85714287
5109,.79591835
25258,.46666667
10443,.90909094
25831,.5714286
26235,.68965518
10571,.6226415
10081,.50467288
2785,.23076923
18035,.61538464
1672,.66666669
9705,.85714287
2425,.89999998
9863,.44680852
10482,.60869563
4134,1
25173,.85185188
26507,1
3983,.66666669
3833,.85714287
10810,.71428573
7460,.72727275
3299,1
8992,0
1629,.33333334
871,1
9638,.5625
12966,0
5590,.7352941
12588,.83333331
7432,.77777779
5574,.88461536
18149,.48333332
8206,.71428573
12328,.61538464
7006,.83333331
1078,.81818181
1583,.65384614
2171,.26666668
8511,.42222223
10744,.61363637
10355,.55000001
20162,.83333331
302,.56
8613,.42857143
41009,.25
8956,0
7642,.7647059
10854,.74285716
22410,.38095239
8649,.48148149
4579,.69565219
8715,.51851851
1458,.75
9709,.71428573
487,.75862068
5955,.47058824
9992,.79166669
3898,1
1214,.73913044
5248,1
20436,.5
8352,.81481481
709,.86486489
14717,.60000002
4005,.75
5684,1
9087,.68888891
7450,.60000002
11680,.3125
6480,1
3204,.58823532
10257,.6857143
4665,.5
8287,1
9617,.76271188
40257,.4375
2539,.75
4565,.65625
528,.63157892
2265,.64864862
10767,.58823532
3490,.85714287
15719,.76923078
20290,.61702126
9171,.59523809
13121,1
25223,.21052632
1716,.92307693
10856,.75
774,.77272725
10363,.92307693
5808,.40000001
9874,.66666669
12686,.7719298
9244,.5
10667,.66666669
5003,.86363637
9032,.69999999
12260,.22222222
13423,1
4691,.14285715
1430,.9285714
7391,.83333331
22111,.80000001
25599,.54054052
7252,1
1050,.66666669
14824,.80000001
4726,.76923078
876,.60000002
4001,.8888889
1447,.80000001
11114,.61538464
1148,.75
10608,.5
4680,.33333334
24428,.61904764
12188,.80000001
12046,.5
3659,.60000002
5905,1
3365,.84615386
25431,.7631579
1414,.68421054
1370,.80555558
106,1
40189,.6111111
24956,.47272727
1491,.78260869
9413,.80000001
17638,.8888889
568,.37037036
1597,.72222221
8013,.66666669
13467,.54166669
8306,0
5831,.85000002
31040,.2857143
6739,1
9758,.54545456
9945,.61538464
8323,.875
26228,.39130434
22196,.33333334
13545,.77419353
10346,.53846157
5713,.69696969
9033,.28947368
14266,.69565219
8398,.5
560,.42857143
10553,.71153843
18021,.78571427
12958,.10526316
1271,.75
4841,.77272725
26012,.66129035
285,.5
905,1
31110,.44117647
9424,.67241377
5995,1
14778,.875
7924,.80000001
8933,.40000001
1444,.79411763
18199,.75862068
10225,.54166669
2178,.51851851
2209,.72222221
3762,.90476191
25797,.60000002
9879,.66666669
22012,.7368421
20085,.5
1170,.5714286
7206,.70833331
2289,.7631579
1980,.31999999
8441,.66666669
14412,.63636363
1226,.55555558
26416,.5714286
6488,1
3546,.63157892
3404,.71428573
18002,.61538464
5876,1
10592,.69999999
31387,.5
4052,.90909094
3294,.56
4197,.9285714
9817,.34482759
14494,.54545456
1918,.59649122
8861,.16666667
1676,.64705884
22322,.7352941
690,.59649122
22439,.94444442
1359,.89999998
10559,1
10570,.72222221
3070,1
539,1
1479,.69999999
6117,1
1281,.29411766
25737,.34482759
10315,.43333334
8310,.68181819
5732,1
9534,.23684211
364,.33333334
10266,.60000002
3012,.2857143
18090,.80769229
4034,1
10126,.81818181
10666,.71428573
8004,.55000001
7061,.64285713
4103,.81132078
1702,.66666669
17766,1
26017,.30434781
3362,.82352942
4571,.6111111
12368,.83333331
8464,0
3957,.875
1999,.8125
9518,.875
4686,.2
17648,.48571429
10130,.75
11220,.8125
25695,.2
4778,.39393941
7276,.46774194
7405,.60714287
7742,0
4987,.78125
18099,.86206895
6294,1
9179,.41379312
22456,.44444445
11111,.94444442
526,.35714287
8531,.6388889
1184,.89473683
7100,.93333334
1688,.53846157
6122,.60000002
10087,.7096774
25350,.40909091
25984,.4074074
15764,.3888889
337,.35135135
2035,.86666667
1287,.63636363
5250,1
9907,.26923078
7634,.70909089
22492,.81818181
9140,.45454547
11998,1
14953,.53571427
1190,.41176471
1378,.77272725
9506,.67741936
11805,.62162161
2505,1
25280,.66666669
20278,0
5686,.77777779
223,.63265306
342,.29411766
5894,.92307693
5541,1
4969,.91666669
546,.77777779
22374,.69999999
25704,.090909094
22083,.45833334
7775,.63999999
2707,.56
11813,.66666669
6656,.94117647
2493,.60000002
14313,.4642857
4727,.60000002
7415,0
6834,.80769229
570,.37931034
4569,.86956519
10427,.64999998
22427,.58333331
24311,.42105263
24318,.63461536
14593,.70588237
11203,.6111111
3261,.92307693
673,.9130435
7335,.78571427
11498,.88636363
10838,.76190478
2955,.72727275
1547,.83333331
11594,.78947371
2482,.071428575
14775,.44444445
40284,.2
632,.86956519
11965,.51666665
4449,.8214286
5265,.65853661
1720,.85714287
5228,.95238096
25160,.55555558
2844,.84615386
3057,.88235295
14580,.58333331
2085,.6875
22263,1
2941,.8888889
9999,.77777779
22248,.64285713
6688,.90909094
2228,.64705884
10352,.49122807
2492,.82608694
31290,.44
9570,.1
7203,.75862068
4629,.84210527
1555,.88235295
30003,.59375
20152,1
22160,.25
19928,1
2200,.36842105
24491,.14285715
9172,.72727275
9666,.84615386
1657,.52941179
3445,.66666669
25196,.27272728
19925,1
2780,.66666669
733,.66666669
1888,.6875
31500,.53571427
24324,.5
4967,.73913044
24508,.77272725
2814,.66666669
5682,.44
1353,.85714287
9175,.46153846
25005,.76190478
1341,.72222221
1013,.95833331
1968,.6875
22236,.27777779
24558,.375
1355,.58333331
16941,1
8353,.85714287
1506,.83333331
40409,.58333331
5333,.96428573
9362,.40000001
12305,.62962961
2432,.76666665
8571,1
1634,.2857143
13124,.5
7717,.33333334
2048,.69999999
3698,.5714286
16588,.37037036
1211,.65517241
8643,.44444445
335,.53125
8615,.5
7112,1
5631,.85714287
12301,.13333334
30006,.76595747
12646,.5
9419,.7647059
15832,.5625
8981,0
4985,.82352942
2754,.83333331
4574,.63461536
2952,.76923078
12515,.38095239
8569,.48387095
22330,.64705884
9730,.77419353
2741,.625
119,.78260869
4555,.53846157
7204,.64705884
6793,.5
322,.68181819
8556,.73333335
25127,.5
10505,.30508474
10877,.89999998
2138,1
2381,1
25507,.15789473
382,.38095239
14334,0
24494,.2
7114,.63157892
1681,.66666669
11708,.53333336
6712,.90909094
17,.7037037
8954,.30000001
1313,.875
40436,.73333335
9710,.93333334
14783,.48571429
25315,.66666669
4728,.64583331
3912,.75
11952,.51724136
7347,1
671,.75
2650,.75
2627,.69230771
20508,.93333334
10537,.45454547
4650,.92592591
5033,1
10212,.44444445
25107,0
10089,.65217394
9653,.75999999
6179,1
929,.875
4844,1
6272,.875
22496,.85714287
3704,.85714287
2799,.85714287
14917,.58333331
1667,.61904764
6115,.77777779
24464,.44680852
9585,.78571427
4272,.625
415,.41379312
3023,.875
2068,.76923078
2294,.78571427
8117,.71428573
849,.75
5446,.84615386
3608,.48214287
715,.78571427
3034,.9375
1554,.80952382
7613,.93333334
12323,.76923078
2822,.83999997
1686,.71428573
1142,.90909094
12655,.74193549
10589,.62790698
4281,1
8372,1
2361,.78787881
31175,.61904764
20067,.83333331
10409,.7037037
22333,.8490566
1856,.85714287
5035,.75
10687,.51282054
1586,.64285713
22430,.96428573
3353,.69999999
7138,1
22229,.55555558
4648,.66666669
24762,.33333334
680,1
9611,.76923078
40242,.7037037
30001,.56
6814,.33333334
8717,1
10784,.83333331
8739,.41666666
22195,.75
14316,.3125
20182,.8125
17763,1
22671,1
16550,.44444445
9805,.5625
4688,.25
12085,.51612902
1166,.60000002
4348,.90909094
1571,.80000001
5345,.89999998
2740,.79487181
8548,.68888891
16776,0
15600,.51162791
2325,.78571427
4698,.30000001
25249,.23076923
8054,.80000001
3086,.78571427
1700,.64705884
5129,.78260869
10202,.81355929
4842,.72727275
6166,.77777779
22609,.2
7898,.76923078
9912,.5
7354,.5
14515,.61538464
2601,1
22086,.74193549
3323,.85714287
7243,1
4409,.54166669
1685,.93333334
9695,.5714286
8537,.37142858
9844,.70731705
12802,.48387095
5407,.71428573
5158,.93333334
10080,.79411763
5614,.84375
1732,.66666669
9507,.5625
2755,.91176468
4628,.47368422
3020,.5714286
9405,.58620691
9888,.53571427
2299,.55555558
7682,1
14594,.34999999
25716,.38461539
13341,.66666669
15534,.33333334
3267,.67391306
18247,.57894737
11838,.78947371
3786,1
8780,.53333336
9473,.60000002
13566,.80000001
22584,.875
10023,.53225809
2398,1
4984,.67307693
8833,.5
4636,.34615386
3060,.72500002
14418,.88235295
16690,.55000001
8349,.57894737
20265,.65789473
3253,.89999998
10412,.68181819
22246,.45161289
195,.83333331
5793,1
4496,1
129,.71428573
5640,.76923078
716,.79411763
3494,.76923078
5623,1
12501,.77419353
3118,.8888889
9458,.67647058
1478,.48717949
3104,1
3733,.89999998
16461,.875
10677,.52631581
16526,.52941179
11025,.76923078
6319,1
24627,0
8433,.67741936
9867,.75609756
1286,.5714286
3711,.31578946
10092,.68000001
20213,.78947371
9824,.54054052
4563,.9285714
229,.55882353
3437,1
8177,1
2066,.84375
31132,.92307693
1340,.66666669
3376,.80000001
1761,.42105263
11979,.86363637
11414,.89999998
1847,.85714287
22373,.77777779
3888,.89473683
25894,.53333336
2251,.46666667
2348,.72727275
4677,.40000001
4594,.78333336
15705,.66666669
2749,.8888889
25644,.66666669
16541,.63414633
26209,.54347825
7434,.63999999
4781,.7368421
24986,.25
16485,.5925926
25919,.22727273
3760,.89999998
1919,.36000001
24977,.14285715
5327,1
25693,.14285715
2089,.8888889
19968,.57894737
3168,.85000002
3096,.84615386
10625,.55555558
10581,.65384614
19965,.84210527
6691,.82758623
9953,.53333336
6045,1
7636,.63333333
11746,.9285714
3333,.90476191
1208,.66666669
26424,.36842105
8313,.73333335
6964,.875
1698,.90476191
2840,.83333331
25738,.65217394
25725,.5
10590,.78571427
11256,.2857143
10216,.76923078
5408,1
13373,.32075471
22531,.63636363
15535,.70833331
8750,.2
9184,.47058824
9718,.80000001
1435,.875
10109,1
4730,.74193549
5292,.89999998
5999,1
26239,.58823532
669,.73333335
59,.5714286
4609,.59090906
8498,.66666669
24907,.5
5960,1
458,.68421054
5422,1
1875,.72727275
7336,.86956519
6019,.75
26145,.90909094
2429,.80000001
26454,.37037036
12539,.92307693
8380,.72000003
15,.65625
4812,.75
25697,.60714287
3108,.57499999
341,.38461539
9706,.69999999
8391,.53846157
8542,.71428573
5233,1
3470,.86666667
8579,.33333334
492,.66666669
1015,.85714287
7656,.8888889
114,.76923078
18147,.62068963
252,.875
4576,.77272725
10702,.77777779
8996,.33333334
9629,.84375
12715,.78947371
318,.75
6303,.85000002
8346,.85714287
26426,.66666669
8769,.33333334
4071,.875
31378,.2857143
8049,.60000002
24445,.89655173
22218,.7241379
5189,1
40078,.69387758
4996,.84375
14677,.42105263
722,.7368421
615,.59090906
1882,.53846157
8241,.84615386
9942,.77777779
22459,.42857143
9602,.74074072
4090,1
6876,.69999999
22265,.73076922
20071,.60000002
11741,.69999999
4392,.86363637
25162,.72727275
5852,.66666669
13332,.66666669
6093,.75
25944,.61904764
4837,.92307693
8403,.60000002
9250,.5
4902,.72727275
3334,.9285714
10558,.93333334
1556,1
13133,.94444442
26392,.25
25014,.75
6183,.84615386
2260,.2
5157,1
9363,.80000001
6953,.71428573
2300,.93333334
20513,.75
8284,.81818181
22223,.83333331
16825,.70588237
6732,1
556,.75
2040,.57407409
773,.90909094
1200,.60000002
9410,.76190478
10536,.5714286
8483,.53333336
7180,0
25751,.39285713
40403,.76923078
2561,.625
4943,.91666669
10435,1
22267,1
9704,.75
5747,.85714287
20266,.43137255
11408,1
40395,.43589744
22610,.70588237
25823,.33333334
25845,.96428573
11420,.65714288
2801,.75
10796,.7368421
6126,.92307693
289,.73809522
6678,.66666669
972,.72727275
16432,.89999998
1548,.75
7369,.75
9998,.55555558
1220,.41935483
30012,.80000001
5748,1
2005,.69999999
188,.80000001
20164,.94117647
20260,.80000001
1431,.86363637
8356,.80000001
2359,.9285714
2136,.65384614
1867,.90909094
7183,.87179488
4612,.55555558
12658,1
40110,.65217394
4670,.66666669
6735,.90909094
3463,.80000001
3555,.71428573
14527,.59523809
3065,.75
13562,.9130435
3744,1
3611,.91666669
6649,.9285714
9736,.93548387
12800,.39130434
14516,.60000002
15758,.56
7798,.89999998
4310,.80000001
7671,.78947371
5781,.92307693
20095,.73333335
25065,0
25885,.18181819
16856,.66666669
5052,.64285713
7479,0
9734,.90476191
16673,.85000002
6138,1
10232,.27586207
5827,.80000001
25933,.47999999
13396,.75
15762,.79310346
18093,.39130434
25319,.71794873
3475,.86666667
132,.33333334
9750,.67500001
3798,.91666669
14771,.42857143
24908,0
9422,.78947371
8513,.58064514
2975,.61538464
1358,.93333334
24920,.66666669
20026,1
625,.69999999
22408,.76923078
423,.94736844
117,.76190478
20209,.54545456
10871,.40000001
14568,.625
4635,.52631581
2363,.76923078
2314,1
6352,.90909094
10834,.25
10173,.84615386
24401,.75675678
40459,.89473683
10821,.44444445
16980,.64285713
5091,.71428573
10413,.84848487
25447,.73333335
15684,.1
6214,1
210,.61290324
15544,.45833334
25045,.33333334
6385,1
22564,.54545456
14602,.69565219
1777,.5
8269,1
4871,.64705884
7854,.72727275
9715,.71428573
839,.33333334
2708,1
5790,1
287,.33333334
22155,.2857143
9648,.71428573
40102,1
6178,1
1567,.81818181
6767,.66666669
1018,.875
6669,.94999999
3839,.875
12781,.33333334
5765,.91666669
16492,.69230771
672,.88235295
9151,.44444445
14848,.76190478
10006,.68421054
306,.61538464
25850,.33333334
26130,.67741936
5214,.69230771
10331,.84615386
13574,.625
3673,.93333334
9592,.86666667
2500,1
25138,.69999999
3448,1
5046,1
4254,.80000001
8331,.69999999
2758,.81818181
4603,.66666669
8147,.63636363
13539,.80000001
2438,1
3857,1
5153,.61538464
1917,.625
7836,1
11033,.78787881
6119,.9375
6039,.78260869
1632,.5
3347,.625
8561,.64705884
1099,1
5737,.75
7136,.80000001
3867,1
22489,.7631579
2170,.33333334
11971,1
5938,1
40288,.93333334
160,1
7371,1
937,.89999998
6458,.75
10906,.41176471
1417,.85714287
292,.51351351
4753,.86666667
5659,.38235295
8870,0
40146,.69999999
2802,.76190478
10723,.40000001
25624,.5714286
4717,.74074072
25568,.5714286
8247,1
16489,.66666669
8754,.54545456
15732,.88571429
22094,.47222221
4512,.5
25798,.55000001
6231,.66666669
4689,.33333334
6461,1
2950,.7037037
540,1
20440,.63999999
10098,.85000002
4734,.94999999
2513,.80000001
1185,.61538464
3206,1
4002,.89999998
2959,.7352941
621,.75
14922,.66666669
178,1
4231,.90909094
2092,.64285713
7789,1
1538,.85714287
6692,.89999998
1563,.8888889
12087,0
13604,.60000002
3090,.66666669
25129,.69230771
9979,.47368422
5833,1
7489,1
1032,.80000001
1705,.66666669
8674,.66666669
2395,.68421054
3840,.90909094
22539,.80645162
455,.71428573
25471,.63636363
3532,.61538464
8202,.5
1198,.8125
7431,.89999998
2498,.7647059
3345,.75
7396,.81818181
1049,.875
16625,.875
4581,.69230771
40241,.78571427
10528,.42857143
4974,.60714287
20427,.77777779
5773,1
3520,1
13171,0
15524,.2857143
5055,.55555558
10265,.75
26,.875
20087,1
747,.89999998
2380,.7647059
22556,.75
22271,.78947371
4990,.85294116
10557,.83870965
22280,1
12851,.43478259
2528,.75757575
22317,.73333335
10100,.84615386
8355,.80000001
25130,.66666669
8230,.80000001
10622,.57894737
10789,.77777779
2750,.83333331
8289,.9130435
15807,.80000001
5211,1
6116,.5714286
8113,.875
1337,.86666667
4848,1
5970,1
6165,.9285714
8558,.70833331
8390,.73333335
25210,.33333334
17930,.82608694
12634,.68421054
1456,.875
9509,0
2717,1
14601,.69230771
6853,1
25561,.65384614
25609,.5
8112,.77777779
8576,.60000002
14237,.83999997
6916,.69565219
24963,.82926828
22203,1
4908,.75
1290,.53846157
5694,.92307693
516,.65853661
1346,.42857143
4551,.66666669
770,.375
5145,1
2476,.875
4448,.78947371
31345,.63157892
7406,.23076923
25334,.5
8195,.80000001
22428,.71111113
1789,.5
469,1
10280,.76190478
7696,.5
10798,.73333335
7168,1
7821,1
20218,.53846157
8800,.6111111
2470,.89999998
16792,.58333331
22398,.5
8540,.875
8159,.80000001
8210,1
3269,.92307693
9991,.85000002
4961,.66666669
2831,.875
3903,1
7118,1
5719,.78571427
9060,.69230771
8639,.30769232
14233,.55555558
9511,.5
31407,.5714286
24803,.71428573
2820,.85714287
6575,1
9850,.75
3623,.85714287
9121,.76923078
17840,.89473683
9864,.5
5935,.80000001
7718,0
14380,.5
5647,1
1020,.58333331
10,.88235295
1328,.6875
10652,.58823532
6780,.72500002
1100,.5
22650,.5
31012,.66666669
22211,.42857143
10916,1
6705,.83333331
1819,.36363637
8392,.80952382
2911,.83333331
40033,.68181819
10846,.7241379
1873,.91666669
2292,1
1261,.80000001
10679,.625
1526,1
22566,.73913044
8555,.58333331
13416,.42857143
8379,1
6833,.54545456
4039,1
1017,.71428573
7452,1
5053,1
10026,.81481481
12682,.44999999
5009,.5
1404,.33333334
1893,.85714287
8053,.89999998
20390,.61538464
3517,.89999998
15522,.61904764
25698,.86666667
5592,.83333331
599,.94444442
9165,.78571427
7655,.8888889
16506,.81481481
1524,.80000001
3390,.85714287
24405,.46666667
2388,.85000002
10191,.66666669
25001,0
10752,.51612902
3442,1
5342,.69565219
324,.75999999
1421,.70833331
22452,1
2806,.8888889
11766,.5
24800,.33333334
14502,0
4792,.88235295
6566,.875
8194,.58620691
8978,0
13580,.71428573
9006,.83333331
1927,.64285713
4562,.47368422
947,.83333331
25287,.71428573
7188,1
17798,1
1930,.46666667
20088,1
5101,.81818181
557,.77777779
3685,.8214286
3842,.88235295
17817,.23999999
5274,1
2231,.76923078
17762,.83333331
1961,.79310346
2296,1
8620,.45454547
7810,.75
24884,0
4191,.75
1518,.9375
5813,.2857143
18128,.30000001
2508,.58333331
20424,.61904764
4019,.91666669
2654,.66666669
13426,.58333331
15594,.80000001
8726,.29411766
3918,1
9090,.64705884
5810,.25
22536,.70588237
25347,.4375
2054,.85714287
8301,.80000001
5152,.89999998
4235,.80952382
3315,.84210527
25826,.16666667
1469,.72000003
12669,.16666667
6667,.92307693
69,.5714286
3622,.69999999
14397,.5925926
9296,.82608694
26152,.52380955
14885,.35714287
17855,.28125
10547,.75
1235,.86666667
3263,1
707,.67741936
5197,1
441,.89999998
682,.5
2716,1
14751,.46153846
14453,.5714286
365,.2
14533,.25
3991,.80000001
7791,1
10306,.70833331
3398,.68000001
25402,.15789473
597,.61904764
542,.75
1680,.22222222
3430,.44444445
7142,1
8931,.4074074
5073,.90476191
4402,1
6670,1
20068,.42857143
3492,.81818181
5648,1
6542,.8888889
3489,.83333331
280,.34999999
14351,.75
3955,1
3358,.5714286
10135,.78947371
5760,.75
7157,.81818181
8489,.73333335
31021,.71428573
371,.60000002
6443,.71428573
8712,0
14626,.66666669
20117,1
19911,.5
4645,.72727275
7915,.85714287
25630,.84210527
9282,.64705884
9614,.78125
31221,.52631581
3922,1
2979,.86206895
2523,.85714287
22220,.90909094
9508,.53846157
4006,1
4748,.9285714
11,.82608694
2003,.75
7607,1
2526,.75
22356,.2631579
5632,1
9007,.36842105
3273,1
9277,.5714286
26245,.57692307
8358,.85714287
3804,.83333331
10104,.7647059
2509,.5
7477,.33333334
694,.83333331
40065,.78571427
16470,.375
5123,1
11674,1
9703,.65384614
5869,.83333331
26172,.52173913
3067,.60000002
9267,.18181819
24319,0
803,.9375
9726,1
8,.71428573
381,.75
5266,.5
10288,.875
1578,.77777779
22506,.125
10735,1
26278,.58333331
6251,1
13621,.625
5132,.93333334
1701,.8125
7064,1
7242,.77777779
1412,0
2558,1
908,.89999998
1416,.54545456
1908,.5
24407,.67741936
41135,.73333335
26150,.60000002
1714,.5
3669,.86206895
13494,.80000001
3318,1
5039,.78571427
5202,.75
2686,1
718,.72727275
1034,.5
1457,1
20409,.71428573
973,.91666669
14414,.47058824
628,.58333331
2125,.9375
6225,.95999998
6454,1
20161,.875
11681,.11111111
1498,1
5868,1
25055,.33333334
8321,.92307693
1594,.65789473
14750,.38461539
14247,.40000001
3433,.30769232
3443,.80769229
8189,.75
8295,1
3140,1
9590,.9375
25853,.54166669
5210,.85714287
14870,.77777779
3332,.66666669
5899,.75
4486,.89999998
7449,.63636363
24959,.46153846
2556,1
5764,1
14913,.41176471
25480,.625
9003,.25
20505,.83333331
4210,1
8413,.8214286
25300,.40000001
10219,.73333335
11291,.625
25785,.33333334
3831,.94117647
6124,.83333331
7820,1
5057,.85714287
15631,.14285715
2140,.75675678
8410,.625
332,.72222221
821,.85714287
5753,1
7961,.80000001
22013,1
134,.78947371
851,.625
1796,0
4027,.66666669
25241,0
10628,.45454547
25843,0
8700,.5
17892,.91666669
1202,.65517241
7779,1
24874,0
5324,.8214286
25478,.2
3906,1
10217,.83333331
6432,.5
7284,.60000002
1774,0
9537,.76923078
6562,1
11744,.86363637
5638,.83333331
162,1
17734,.46153846
4809,.81818181
7062,.80000001
3681,.5
5348,.5714286
2338,.72727275
4268,.63999999
22375,1
14330,1
9311,.7647059
743,1
7368,.69999999
4142,1
4051,.6111111
3191,.5
7962,.90909094
7922,.85714287
9089,.41666666
26345,.73333335
2790,0
9246,.2
1136,.66666669
4193,.60000002
1052,.86666667
31264,.5714286
6262,1
25897,.77777779
10719,0
6690,1
3971,.8888889
6731,1
822,.45454547
20205,.8888889
9368,.7368421
1245,.78571427
7801,1
6108,.875
7301,1
1305,1
26399,.33333334
8203,1
3068,.89999998
3759,.90909094
15521,0
19934,1
4255,1
6060,.83333331
12832,0
12876,0
5134,.83333331
22367,.75
2613,.875
19972,.25
2036,.2
3972,.92307693
932,.66666669
8492,.69565219
8755,1
14753,.5
1250,.91666669
4499,.80000001
40073,.54545456
2748,.77777779
7776,.875
1693,.89999998
4968,1
12133,0
3008,.84615386
1483,.73333335
10012,.80000001
4062,1
2682,.91666669
10272,.73333335
15774,.66666669
25767,.33333334
1454,.85714287
25803,.91666669
2009,.81818181
1022,.75
15554,.38235295
9239,.33333334
533,.89999998
4733,.69230771
9122,.7368421
2747,.91666669
72,1
26482,.33333334
1016,.77777779
2400,.36000001
2227,1
3838,1
10555,.70833331
6380,.82352942
4131,1
24725,0
6018,.72222221
3319,.9375
4070,.875
24826,1
26383,.61290324
5796,.875
4758,0
9970,.5
5901,1
3371,1
3045,.90909094
3003,.78571427
26139,.55172414
8911,0
192,.75
10121,.60000002
11870,.52631581
1006,.5
2464,1
2393,.875
4998,1
5213,1
2555,.80000001
20094,.33333334
8027,.66666669
8207,1
8050,.89999998
20235,.5
8404,.90909094
4112,.5
9855,.5
2320,1
20300,.2
19981,.75
24897,0
1147,.89999998
16510,1
40202,0
6475,.80000001
8724,.54545456
6435,1
26268,.5
5472,.8888889
8959,0
2804,.64705884
380,.80000001
22231,.42857143
5589,.63157892
3061,.875
888,.75
3461,1
6781,.71428573
4613,.81818181
5462,1
1496,.69999999
3174,.93333334
1899,.61538464
8188,.625
6797,1
7535,1
2462,.84210527
8361,1
7273,.75
12974,1
4577,.64285713
3554,.83333331
8103,1
1704,.69999999
6654,.80000001
20502,.66666669
24654,.73333335
9973,0
5227,.85000002
26108,.47058824
1189,.71428573
6662,1
20139,.89999998
20442,.66666669
12175,.77777779
2491,.66666669
3285,.94999999
5812,.5
13434,0
1246,.76923078
7675,.7647059
3454,.84615386
9135,.66666669
8180,.75
40296,.875
25255,.5
4285,.14285715
9228,.33333334
25310,1
16456,.77777779
11398,.66666669
3028,.5
850,1
3981,.8125
26036,0
26046,.5
5382,1
7372,1
4194,1
6700,1
910,1
6499,.94736844
1173,.55555558
22523,1
2494,.81818181
40171,.66666669
2914,1
3257,.91666669
4290,.5
7905,.875
268,.85714287
3820,.66666669
31194,.66666669
8748,.16666667
9339,.69230771
3660,.76923078
12265,0
25650,.33333334
3781,.83333331
25373,.33333334
22390,.84615386
1641,.66666669
8409,.5
4484,.85714287
3014,0
25677,0
7725,.77777779
7416,.42857143
8099,.66666669
20388,.5
167,.83333331
8757,.11111111
6737,1
9500,.5
3916,1
8468,.5
3841,.8888889
4130,1
8840,.42857143
22425,1
13190,1
1728,.2
8144,.25
13372,.27272728
2908,.66666669
6220,1
15707,0
2384,.66666669
974,.75
11333,.85714287
9216,1
6747,1
22413,.76923078
26244,.6875
4355,1
6528,1
18055,0
8382,1
24783,.25
8892,0
370,.93333334
5649,.90909094
6718,.85714287
16985,.60000002
833,.71428573
17715,.85714287
4514,1
4777,.75
25175,.5
4133,1
5994,.89999998
3978,1
4860,.77777779
8191,.83333331
8900,.40000001
8470,.60000002
41063,1
8092,1
14573,1
7763,.66666669
5097,1
20441,.33333334
5272,.76923078
9051,.5
3062,.66666669
4356,.80000001
3935,1
4622,.41666666
13117,0
17606,.33333334
4774,.77777779
31107,.55555558
7357,1
20308,0
3709,.66666669
10372,.83333331
2198,0
20102,.5
7741,.75
31373,0
3602,1
6745,1
915,1
4927,1
24303,.33333334
2762,1
6711,1
10635,.2857143
31201,.2857143
7260,.66666669
892,1
12090,0
3891,1
11176,0
2892,.75
31338,.5
16484,.63636363
2467,.6875
10335,.5
10777,1
3217,1
7433,1
1427,.83333331
4128,1
3016,.8888889
4107,1
4387,.84615386
2297,.5
6843,0
4358,.85714287
5806,1
8878,0
9263,.5
7967,.85714287
3115,.72727275
2829,1
1557,.81818181
79,.66666669
12182,1
8759,.5
8979,0
8142,1
14466,.5
5363,1
8572,.54545456
25199,.25
12867,.33333334
1937,0
7443,.66666669
10254,.875
4513,.84615386
24988,.66666669
16910,1
11871,0
4372,.83333331
7511,.83333331
257,.33333334
1906,1
1282,.80000001
12130,.66666669
22096,.75
25652,.5
4867,.83333331
6478,1
8186,.85714287
1788,0
5799,.5
24718,1
24715,.5
4414,1
10900,0
6161,1
24801,1
3897,1
5766,1
25487,.40000001
24971,0
6652,.89999998
3800,.85714287
3364,.66666669
24912,.33333334
3321,.75
6721,1
24325,1
4221,.89999998
3678,.75
6139,.875
5151,.85714287
1901,.5
8036,.81818181
14217,.33333334
24678,.66666669
20158,.33333334
12025,1
3471,.89999998
3405,1
4085,.5
8966,0
8988,0
14260,.44444445
2335,.60000002
12086,0
6379,.5714286
3974,1
7622,1
20665,0
25209,1
3837,.85714287
14718,.5
3967,.80000001
9039,.2
24761,0
7726,.75
11783,0
4503,1
6487,1
4909,1
6107,.33333334
6495,1
31276,1
8288,1
31438,0
1650,.75
5083,.75
9922,.36363637
8357,.80000001
5875,.90909094
25625,.25
8278,1
7911,1
6577,1
1031,1
8263,.66666669
16783,.66666669
945,.66666669
22165,.66666669
8876,1
24670,.25
14587,.63636363
7458,1
6485,.66666669
24842,0
7083,1
20277,1
5798,.83333331
3458,1
8037,1
3982,.80000001
20299,1
9042,1
9221,.33333334
3754,.5
154,1
12015,0
15576,1
6170,1
13527,0
4946,1
3948,1
8905,.5
13378,.5
12063,.5
24798,.33333334
5203,1
731,1
8423,1
3385,1
25112,.16666667
11581,1
90,1
40014,0
2557,1
22627,0
8401,.80000001
20445,0
8000,0
7111,1
40354,.5
6716,1
7427,.66666669
5954,.66666669
3814,1
11714,1
6844,.5
1781,0
22112,1
20400,0
31265,1
9941,0
31419,0
10321,.60000002
25541,0
156,.33333334
1775,0
24506,1
14657,.5
8208,1
14508,1
12502,.60000002
31392,.33333334
24690,.2
9004,0
8909,0
24976,0
20631,1
8923,.40000001
7414,0
8950,0
14476,.5
8048,.85714287
4026,1
5404,1
12226,1
3604,1
25211,.66666669
7531,1
20484,.75
9217,0
2980,1
24699,1
5069,1
10513,.33333334
1229,.2
24719,0
20601,.66666669
14952,0
6455,1
7793,1
22639,1
31271,1
7982,.75
24985,1
8888,0
6471,1
2833,.33333334
19908,.5
3440,1
25366,0
793,.5
11547,.5
4094,1
7601,1
8997,.25
24916,.66666669
7285,.40000001
4396,1
16923,.66666669
12864,0
25172,0
26155,0
1638,0
12846,0
6903,1
591,1
3085,.80000001
358,1
2496,1
6699,.75
9038,0
12094,0
8609,.33333334
8183,1
20187,1
879,1
24979,0
3015,0
2560,1
2194,0
16815,1
12829,0
20024,1
20084,.83333331
26297,0
12550,.60000002
644,1
1238,1
3691,1
1780,.25
8022,1
4202,1
26328,0
11415,0
25611,0
24314,1
16708,.5
3914,1
16453,.5
8482,1
22098,0
2789,.66666669
12657,0
16696,1
8921,1
9035,0
31339,1
387,.75
25213,0
8095,1
8974,.66666669
12036,0
8463,0
7435,.5
14224,1
8182,.5
8303,1
40334,1
6666,1
1844,.5
24666,0
20520,0
3084,1
24817,1
40390,1
25058,0
8953,1
2637,1
22144,0
40125,0
246,1
25143,1
16978,1
12266,0
8501,1
